# source: Portal de Datos Abiertos del Ayuntamiento de Valencia; datos derivados por V-PRO
# license: CC-BY-4.0
action_id,event_id,event_type,event_title,event_source,event_source_id,action_type,title,description,priority,profiles,template_id,url,poi_type,created_at
534,672,OCUPACION,C/ VICENT BLASCO GARCIA,geoportal_valencia,occupacio_via_publica:260151501,PARKING_SUGGESTION,Aparcamiento PMR cercano fuera de la afeccion,Busca una plaza PMR accesible fuera de la zona de impacto.,95,PMR,ocupacion-severa,https://sede.valencia.es/sede/registro/procedimiento/BS.DI.25?lang=1,APARCAMIENTO_PMR,2026-05-17T10:22:03.177124+00:00
538,673,OCUPACION,C/ ASTÚRIES,geoportal_valencia,occupacio_via_publica:260150501,PARKING_SUGGESTION,Aparcamiento PMR cercano fuera de la afeccion,Busca una plaza PMR accesible fuera de la zona de impacto.,95,PMR,ocupacion-severa,https://sede.valencia.es/sede/registro/procedimiento/BS.DI.25?lang=1,APARCAMIENTO_PMR,2026-05-17T10:22:03.177124+00:00
548,676,OCUPACION,AV. BURJASSOT,geoportal_valencia,occupacio_via_publica:260142601,PARKING_SUGGESTION,Aparcamiento PMR cercano fuera de la afeccion,Busca una plaza PMR accesible fuera de la zona de impacto.,95,PMR,ocupacion-severa,https://sede.valencia.es/sede/registro/procedimiento/BS.DI.25?lang=1,APARCAMIENTO_PMR,2026-05-17T10:22:03.177124+00:00
552,677,OCUPACION,C/ LITERAT GABRIEL MIRÓ,geoportal_valencia,occupacio_via_publica:260152401,PARKING_SUGGESTION,Aparcamiento PMR cercano fuera de la afeccion,Busca una plaza PMR accesible fuera de la zona de impacto.,95,PMR,ocupacion-severa,https://sede.valencia.es/sede/registro/procedimiento/BS.DI.25?lang=1,APARCAMIENTO_PMR,2026-05-17T10:22:03.177124+00:00
562,680,OCUPACION,C/ FRANCESC BALDOMAR,geoportal_valencia,occupacio_via_publica:250016806,PARKING_SUGGESTION,Aparcamiento PMR cercano fuera de la afeccion,Busca una plaza PMR accesible fuera de la zona de impacto.,95,PMR,ocupacion-severa,https://sede.valencia.es/sede/registro/procedimiento/BS.DI.25?lang=1,APARCAMIENTO_PMR,2026-05-17T10:22:03.177124+00:00
569,682,OCUPACION,C/ JESÚS,geoportal_valencia,occupacio_via_publica:260152901,PARKING_SUGGESTION,Aparcamiento PMR cercano fuera de la afeccion,Busca una plaza PMR accesible fuera de la zona de impacto.,95,PMR,ocupacion-severa,https://sede.valencia.es/sede/registro/procedimiento/BS.DI.25?lang=1,APARCAMIENTO_PMR,2026-05-17T10:22:03.177124+00:00
573,683,OCUPACION,C/ FRANCESC BALDOMAR,geoportal_valencia,occupacio_via_publica:250016805,PARKING_SUGGESTION,Aparcamiento PMR cercano fuera de la afeccion,Busca una plaza PMR accesible fuera de la zona de impacto.,95,PMR,ocupacion-severa,https://sede.valencia.es/sede/registro/procedimiento/BS.DI.25?lang=1,APARCAMIENTO_PMR,2026-05-17T10:22:03.177124+00:00
577,684,OCUPACION,C/ SANTA MARIA MICAELA,geoportal_valencia,occupacio_via_publica:260152402,PARKING_SUGGESTION,Aparcamiento PMR cercano fuera de la afeccion,Busca una plaza PMR accesible fuera de la zona de impacto.,95,PMR,ocupacion-severa,https://sede.valencia.es/sede/registro/procedimiento/BS.DI.25?lang=1,APARCAMIENTO_PMR,2026-05-17T10:22:03.177124+00:00
590,688,OCUPACION,C/ JERÓNIMA GALÉS (IMPRESSORA),geoportal_valencia,occupacio_via_publica:260156201,PARKING_SUGGESTION,Aparcamiento PMR cercano fuera de la afeccion,Busca una plaza PMR accesible fuera de la zona de impacto.,95,PMR,ocupacion-severa,https://sede.valencia.es/sede/registro/procedimiento/BS.DI.25?lang=1,APARCAMIENTO_PMR,2026-05-17T10:22:03.177124+00:00
597,690,OCUPACION,C/ AVELLANES,geoportal_valencia,occupacio_via_publica:260155001,PARKING_SUGGESTION,Aparcamiento PMR cercano fuera de la afeccion,Busca una plaza PMR accesible fuera de la zona de impacto.,95,PMR,ocupacion-severa,https://sede.valencia.es/sede/registro/procedimiento/BS.DI.25?lang=1,APARCAMIENTO_PMR,2026-05-17T10:22:03.177124+00:00
601,691,OCUPACION,C/ SANTA MARIA MICAELA,geoportal_valencia,occupacio_via_publica:260152403,PARKING_SUGGESTION,Aparcamiento PMR cercano fuera de la afeccion,Busca una plaza PMR accesible fuera de la zona de impacto.,95,PMR,ocupacion-severa,https://sede.valencia.es/sede/registro/procedimiento/BS.DI.25?lang=1,APARCAMIENTO_PMR,2026-05-17T10:22:03.177124+00:00
620,697,OCUPACION,C/ MESTRE SOSA,geoportal_valencia,occupacio_via_publica:260157601,PARKING_SUGGESTION,Aparcamiento PMR cercano fuera de la afeccion,Busca una plaza PMR accesible fuera de la zona de impacto.,95,PMR,ocupacion-severa,https://sede.valencia.es/sede/registro/procedimiento/BS.DI.25?lang=1,APARCAMIENTO_PMR,2026-05-17T10:22:03.177124+00:00
624,698,OCUPACION,C/ FRANCESC DE LLANO,geoportal_valencia,occupacio_via_publica:260095003,PARKING_SUGGESTION,Aparcamiento PMR cercano fuera de la afeccion,Busca una plaza PMR accesible fuera de la zona de impacto.,95,PMR,ocupacion-severa,https://sede.valencia.es/sede/registro/procedimiento/BS.DI.25?lang=1,APARCAMIENTO_PMR,2026-05-17T10:22:03.177124+00:00
631,700,OCUPACION,C/ SANTANDER,geoportal_valencia,occupacio_via_publica:260156202,PARKING_SUGGESTION,Aparcamiento PMR cercano fuera de la afeccion,Busca una plaza PMR accesible fuera de la zona de impacto.,95,PMR,ocupacion-severa,https://sede.valencia.es/sede/registro/procedimiento/BS.DI.25?lang=1,APARCAMIENTO_PMR,2026-05-17T10:22:03.177124+00:00
635,701,OCUPACION,AV. TRES CREUS,geoportal_valencia,occupacio_via_publica:260106304,PARKING_SUGGESTION,Aparcamiento PMR cercano fuera de la afeccion,Busca una plaza PMR accesible fuera de la zona de impacto.,95,PMR,ocupacion-severa,https://sede.valencia.es/sede/registro/procedimiento/BS.DI.25?lang=1,APARCAMIENTO_PMR,2026-05-17T10:22:03.177124+00:00
639,702,OCUPACION,C/ LITERAT GABRIEL MIRÓ,geoportal_valencia,occupacio_via_publica:260152404,PARKING_SUGGESTION,Aparcamiento PMR cercano fuera de la afeccion,Busca una plaza PMR accesible fuera de la zona de impacto.,95,PMR,ocupacion-severa,https://sede.valencia.es/sede/registro/procedimiento/BS.DI.25?lang=1,APARCAMIENTO_PMR,2026-05-17T10:22:03.177124+00:00
652,706,OCUPACION,C/ JACA,geoportal_valencia,occupacio_via_publica:260156501,PARKING_SUGGESTION,Aparcamiento PMR cercano fuera de la afeccion,Busca una plaza PMR accesible fuera de la zona de impacto.,95,PMR,ocupacion-severa,https://sede.valencia.es/sede/registro/procedimiento/BS.DI.25?lang=1,APARCAMIENTO_PMR,2026-05-17T10:22:03.177124+00:00
662,709,OCUPACION,EP JOSE ROCA COLL (PIANISTA),geoportal_valencia,occupacio_via_publica:250987208,PARKING_SUGGESTION,Aparcamiento PMR cercano fuera de la afeccion,Busca una plaza PMR accesible fuera de la zona de impacto.,95,PMR,ocupacion-severa,https://sede.valencia.es/sede/registro/procedimiento/BS.DI.25?lang=1,APARCAMIENTO_PMR,2026-05-17T10:22:03.177124+00:00
666,710,OCUPACION,C/ CRISTINA PIRIS LÓPEZ-DORIGA  (SINDICALISTA i FUNDADORA DE CA REVOLTA),geoportal_valencia,occupacio_via_publica:250987207,PARKING_SUGGESTION,Aparcamiento PMR cercano fuera de la afeccion,Busca una plaza PMR accesible fuera de la zona de impacto.,95,PMR,ocupacion-severa,https://sede.valencia.es/sede/registro/procedimiento/BS.DI.25?lang=1,APARCAMIENTO_PMR,2026-05-17T10:22:03.177124+00:00
694,719,OCUPACION,C/ RIBERA,geoportal_valencia,occupacio_via_publica:260159401,PARKING_SUGGESTION,Aparcamiento PMR cercano fuera de la afeccion,Busca una plaza PMR accesible fuera de la zona de impacto.,95,PMR,ocupacion-severa,https://sede.valencia.es/sede/registro/procedimiento/BS.DI.25?lang=1,APARCAMIENTO_PMR,2026-05-17T10:22:03.177124+00:00
704,722,OCUPACION,C/ GRAN CANÀRIA,geoportal_valencia,occupacio_via_publica:250599217,PARKING_SUGGESTION,Aparcamiento PMR cercano fuera de la afeccion,Busca una plaza PMR accesible fuera de la zona de impacto.,95,PMR,ocupacion-severa,https://sede.valencia.es/sede/registro/procedimiento/BS.DI.25?lang=1,APARCAMIENTO_PMR,2026-05-17T10:22:03.177124+00:00
732,731,OCUPACION,C/ JUAN DE MENA,geoportal_valencia,occupacio_via_publica:250996221,PARKING_SUGGESTION,Aparcamiento PMR cercano fuera de la afeccion,Busca una plaza PMR accesible fuera de la zona de impacto.,95,PMR,ocupacion-severa,https://sede.valencia.es/sede/registro/procedimiento/BS.DI.25?lang=1,APARCAMIENTO_PMR,2026-05-17T10:22:03.177124+00:00
736,732,OCUPACION,AV. PRIMAT REIG,geoportal_valencia,occupacio_via_publica:260161701,PARKING_SUGGESTION,Aparcamiento PMR cercano fuera de la afeccion,Busca una plaza PMR accesible fuera de la zona de impacto.,95,PMR,ocupacion-severa,https://sede.valencia.es/sede/registro/procedimiento/BS.DI.25?lang=1,APARCAMIENTO_PMR,2026-05-17T10:22:03.177124+00:00
740,733,OCUPACION,AV. FERNANDO ABRIL MARTORELL,geoportal_valencia,occupacio_via_publica:250099701,PARKING_SUGGESTION,Aparcamiento PMR cercano fuera de la afeccion,Busca una plaza PMR accesible fuera de la zona de impacto.,95,PMR,ocupacion-severa,https://sede.valencia.es/sede/registro/procedimiento/BS.DI.25?lang=1,APARCAMIENTO_PMR,2026-05-17T10:22:03.177124+00:00
744,734,OCUPACION,C/ ILLA FORMENTERA,geoportal_valencia,occupacio_via_publica:260105402,PARKING_SUGGESTION,Aparcamiento PMR cercano fuera de la afeccion,Busca una plaza PMR accesible fuera de la zona de impacto.,95,PMR,ocupacion-severa,https://sede.valencia.es/sede/registro/procedimiento/BS.DI.25?lang=1,APARCAMIENTO_PMR,2026-05-17T10:22:03.177124+00:00
751,736,OCUPACION,C/ POETA MARAGALL,geoportal_valencia,occupacio_via_publica:260098503,PARKING_SUGGESTION,Aparcamiento PMR cercano fuera de la afeccion,Busca una plaza PMR accesible fuera de la zona de impacto.,95,PMR,ocupacion-severa,https://sede.valencia.es/sede/registro/procedimiento/BS.DI.25?lang=1,APARCAMIENTO_PMR,2026-05-17T10:22:03.177124+00:00
758,738,OCUPACION,C/ ALZIRA,geoportal_valencia,occupacio_via_publica:260117203,PARKING_SUGGESTION,Aparcamiento PMR cercano fuera de la afeccion,Busca una plaza PMR accesible fuera de la zona de impacto.,95,PMR,ocupacion-severa,https://sede.valencia.es/sede/registro/procedimiento/BS.DI.25?lang=1,APARCAMIENTO_PMR,2026-05-17T10:22:03.177124+00:00
533,672,OCUPACION,C/ VICENT BLASCO GARCIA,geoportal_valencia,occupacio_via_publica:260151501,ROUTE_CHANGE,Ruta alternativa recomendada,Evita la zona afectada y revisa el mapa antes de salir.,80,GENERIC|COMMERCIAL|CYCLIST|PUBLIC_TRANSPORT,ocupacion-severa,https://www.valencia.es/cas/actualidad/-/content/tr%C3%A0fico-fallas-val%C3%A8ncia,,2026-05-17T10:22:03.177124+00:00
537,673,OCUPACION,C/ ASTÚRIES,geoportal_valencia,occupacio_via_publica:260150501,ROUTE_CHANGE,Ruta alternativa recomendada,Evita la zona afectada y revisa el mapa antes de salir.,80,GENERIC|COMMERCIAL|CYCLIST|PUBLIC_TRANSPORT,ocupacion-severa,https://www.valencia.es/cas/actualidad/-/content/tr%C3%A0fico-fallas-val%C3%A8ncia,,2026-05-17T10:22:03.177124+00:00
547,676,OCUPACION,AV. BURJASSOT,geoportal_valencia,occupacio_via_publica:260142601,ROUTE_CHANGE,Ruta alternativa recomendada,Evita la zona afectada y revisa el mapa antes de salir.,80,GENERIC|COMMERCIAL|CYCLIST|PUBLIC_TRANSPORT,ocupacion-severa,https://www.valencia.es/cas/actualidad/-/content/tr%C3%A0fico-fallas-val%C3%A8ncia,,2026-05-17T10:22:03.177124+00:00
551,677,OCUPACION,C/ LITERAT GABRIEL MIRÓ,geoportal_valencia,occupacio_via_publica:260152401,ROUTE_CHANGE,Ruta alternativa recomendada,Evita la zona afectada y revisa el mapa antes de salir.,80,GENERIC|COMMERCIAL|CYCLIST|PUBLIC_TRANSPORT,ocupacion-severa,https://www.valencia.es/cas/actualidad/-/content/tr%C3%A0fico-fallas-val%C3%A8ncia,,2026-05-17T10:22:03.177124+00:00
561,680,OCUPACION,C/ FRANCESC BALDOMAR,geoportal_valencia,occupacio_via_publica:250016806,ROUTE_CHANGE,Ruta alternativa recomendada,Evita la zona afectada y revisa el mapa antes de salir.,80,GENERIC|COMMERCIAL|CYCLIST|PUBLIC_TRANSPORT,ocupacion-severa,https://www.valencia.es/cas/actualidad/-/content/tr%C3%A0fico-fallas-val%C3%A8ncia,,2026-05-17T10:22:03.177124+00:00
568,682,OCUPACION,C/ JESÚS,geoportal_valencia,occupacio_via_publica:260152901,ROUTE_CHANGE,Ruta alternativa recomendada,Evita la zona afectada y revisa el mapa antes de salir.,80,GENERIC|COMMERCIAL|CYCLIST|PUBLIC_TRANSPORT,ocupacion-severa,https://www.valencia.es/cas/actualidad/-/content/tr%C3%A0fico-fallas-val%C3%A8ncia,,2026-05-17T10:22:03.177124+00:00
572,683,OCUPACION,C/ FRANCESC BALDOMAR,geoportal_valencia,occupacio_via_publica:250016805,ROUTE_CHANGE,Ruta alternativa recomendada,Evita la zona afectada y revisa el mapa antes de salir.,80,GENERIC|COMMERCIAL|CYCLIST|PUBLIC_TRANSPORT,ocupacion-severa,https://www.valencia.es/cas/actualidad/-/content/tr%C3%A0fico-fallas-val%C3%A8ncia,,2026-05-17T10:22:03.177124+00:00
576,684,OCUPACION,C/ SANTA MARIA MICAELA,geoportal_valencia,occupacio_via_publica:260152402,ROUTE_CHANGE,Ruta alternativa recomendada,Evita la zona afectada y revisa el mapa antes de salir.,80,GENERIC|COMMERCIAL|CYCLIST|PUBLIC_TRANSPORT,ocupacion-severa,https://www.valencia.es/cas/actualidad/-/content/tr%C3%A0fico-fallas-val%C3%A8ncia,,2026-05-17T10:22:03.177124+00:00
589,688,OCUPACION,C/ JERÓNIMA GALÉS (IMPRESSORA),geoportal_valencia,occupacio_via_publica:260156201,ROUTE_CHANGE,Ruta alternativa recomendada,Evita la zona afectada y revisa el mapa antes de salir.,80,GENERIC|COMMERCIAL|CYCLIST|PUBLIC_TRANSPORT,ocupacion-severa,https://www.valencia.es/cas/actualidad/-/content/tr%C3%A0fico-fallas-val%C3%A8ncia,,2026-05-17T10:22:03.177124+00:00
596,690,OCUPACION,C/ AVELLANES,geoportal_valencia,occupacio_via_publica:260155001,ROUTE_CHANGE,Ruta alternativa recomendada,Evita la zona afectada y revisa el mapa antes de salir.,80,GENERIC|COMMERCIAL|CYCLIST|PUBLIC_TRANSPORT,ocupacion-severa,https://www.valencia.es/cas/actualidad/-/content/tr%C3%A0fico-fallas-val%C3%A8ncia,,2026-05-17T10:22:03.177124+00:00
600,691,OCUPACION,C/ SANTA MARIA MICAELA,geoportal_valencia,occupacio_via_publica:260152403,ROUTE_CHANGE,Ruta alternativa recomendada,Evita la zona afectada y revisa el mapa antes de salir.,80,GENERIC|COMMERCIAL|CYCLIST|PUBLIC_TRANSPORT,ocupacion-severa,https://www.valencia.es/cas/actualidad/-/content/tr%C3%A0fico-fallas-val%C3%A8ncia,,2026-05-17T10:22:03.177124+00:00
619,697,OCUPACION,C/ MESTRE SOSA,geoportal_valencia,occupacio_via_publica:260157601,ROUTE_CHANGE,Ruta alternativa recomendada,Evita la zona afectada y revisa el mapa antes de salir.,80,GENERIC|COMMERCIAL|CYCLIST|PUBLIC_TRANSPORT,ocupacion-severa,https://www.valencia.es/cas/actualidad/-/content/tr%C3%A0fico-fallas-val%C3%A8ncia,,2026-05-17T10:22:03.177124+00:00
623,698,OCUPACION,C/ FRANCESC DE LLANO,geoportal_valencia,occupacio_via_publica:260095003,ROUTE_CHANGE,Ruta alternativa recomendada,Evita la zona afectada y revisa el mapa antes de salir.,80,GENERIC|COMMERCIAL|CYCLIST|PUBLIC_TRANSPORT,ocupacion-severa,https://www.valencia.es/cas/actualidad/-/content/tr%C3%A0fico-fallas-val%C3%A8ncia,,2026-05-17T10:22:03.177124+00:00
630,700,OCUPACION,C/ SANTANDER,geoportal_valencia,occupacio_via_publica:260156202,ROUTE_CHANGE,Ruta alternativa recomendada,Evita la zona afectada y revisa el mapa antes de salir.,80,GENERIC|COMMERCIAL|CYCLIST|PUBLIC_TRANSPORT,ocupacion-severa,https://www.valencia.es/cas/actualidad/-/content/tr%C3%A0fico-fallas-val%C3%A8ncia,,2026-05-17T10:22:03.177124+00:00
634,701,OCUPACION,AV. TRES CREUS,geoportal_valencia,occupacio_via_publica:260106304,ROUTE_CHANGE,Ruta alternativa recomendada,Evita la zona afectada y revisa el mapa antes de salir.,80,GENERIC|COMMERCIAL|CYCLIST|PUBLIC_TRANSPORT,ocupacion-severa,https://www.valencia.es/cas/actualidad/-/content/tr%C3%A0fico-fallas-val%C3%A8ncia,,2026-05-17T10:22:03.177124+00:00
638,702,OCUPACION,C/ LITERAT GABRIEL MIRÓ,geoportal_valencia,occupacio_via_publica:260152404,ROUTE_CHANGE,Ruta alternativa recomendada,Evita la zona afectada y revisa el mapa antes de salir.,80,GENERIC|COMMERCIAL|CYCLIST|PUBLIC_TRANSPORT,ocupacion-severa,https://www.valencia.es/cas/actualidad/-/content/tr%C3%A0fico-fallas-val%C3%A8ncia,,2026-05-17T10:22:03.177124+00:00
651,706,OCUPACION,C/ JACA,geoportal_valencia,occupacio_via_publica:260156501,ROUTE_CHANGE,Ruta alternativa recomendada,Evita la zona afectada y revisa el mapa antes de salir.,80,GENERIC|COMMERCIAL|CYCLIST|PUBLIC_TRANSPORT,ocupacion-severa,https://www.valencia.es/cas/actualidad/-/content/tr%C3%A0fico-fallas-val%C3%A8ncia,,2026-05-17T10:22:03.177124+00:00
661,709,OCUPACION,EP JOSE ROCA COLL (PIANISTA),geoportal_valencia,occupacio_via_publica:250987208,ROUTE_CHANGE,Ruta alternativa recomendada,Evita la zona afectada y revisa el mapa antes de salir.,80,GENERIC|COMMERCIAL|CYCLIST|PUBLIC_TRANSPORT,ocupacion-severa,https://www.valencia.es/cas/actualidad/-/content/tr%C3%A0fico-fallas-val%C3%A8ncia,,2026-05-17T10:22:03.177124+00:00
665,710,OCUPACION,C/ CRISTINA PIRIS LÓPEZ-DORIGA  (SINDICALISTA i FUNDADORA DE CA REVOLTA),geoportal_valencia,occupacio_via_publica:250987207,ROUTE_CHANGE,Ruta alternativa recomendada,Evita la zona afectada y revisa el mapa antes de salir.,80,GENERIC|COMMERCIAL|CYCLIST|PUBLIC_TRANSPORT,ocupacion-severa,https://www.valencia.es/cas/actualidad/-/content/tr%C3%A0fico-fallas-val%C3%A8ncia,,2026-05-17T10:22:03.177124+00:00
693,719,OCUPACION,C/ RIBERA,geoportal_valencia,occupacio_via_publica:260159401,ROUTE_CHANGE,Ruta alternativa recomendada,Evita la zona afectada y revisa el mapa antes de salir.,80,GENERIC|COMMERCIAL|CYCLIST|PUBLIC_TRANSPORT,ocupacion-severa,https://www.valencia.es/cas/actualidad/-/content/tr%C3%A0fico-fallas-val%C3%A8ncia,,2026-05-17T10:22:03.177124+00:00
703,722,OCUPACION,C/ GRAN CANÀRIA,geoportal_valencia,occupacio_via_publica:250599217,ROUTE_CHANGE,Ruta alternativa recomendada,Evita la zona afectada y revisa el mapa antes de salir.,80,GENERIC|COMMERCIAL|CYCLIST|PUBLIC_TRANSPORT,ocupacion-severa,https://www.valencia.es/cas/actualidad/-/content/tr%C3%A0fico-fallas-val%C3%A8ncia,,2026-05-17T10:22:03.177124+00:00
731,731,OCUPACION,C/ JUAN DE MENA,geoportal_valencia,occupacio_via_publica:250996221,ROUTE_CHANGE,Ruta alternativa recomendada,Evita la zona afectada y revisa el mapa antes de salir.,80,GENERIC|COMMERCIAL|CYCLIST|PUBLIC_TRANSPORT,ocupacion-severa,https://www.valencia.es/cas/actualidad/-/content/tr%C3%A0fico-fallas-val%C3%A8ncia,,2026-05-17T10:22:03.177124+00:00
735,732,OCUPACION,AV. PRIMAT REIG,geoportal_valencia,occupacio_via_publica:260161701,ROUTE_CHANGE,Ruta alternativa recomendada,Evita la zona afectada y revisa el mapa antes de salir.,80,GENERIC|COMMERCIAL|CYCLIST|PUBLIC_TRANSPORT,ocupacion-severa,https://www.valencia.es/cas/actualidad/-/content/tr%C3%A0fico-fallas-val%C3%A8ncia,,2026-05-17T10:22:03.177124+00:00
739,733,OCUPACION,AV. FERNANDO ABRIL MARTORELL,geoportal_valencia,occupacio_via_publica:250099701,ROUTE_CHANGE,Ruta alternativa recomendada,Evita la zona afectada y revisa el mapa antes de salir.,80,GENERIC|COMMERCIAL|CYCLIST|PUBLIC_TRANSPORT,ocupacion-severa,https://www.valencia.es/cas/actualidad/-/content/tr%C3%A0fico-fallas-val%C3%A8ncia,,2026-05-17T10:22:03.177124+00:00
743,734,OCUPACION,C/ ILLA FORMENTERA,geoportal_valencia,occupacio_via_publica:260105402,ROUTE_CHANGE,Ruta alternativa recomendada,Evita la zona afectada y revisa el mapa antes de salir.,80,GENERIC|COMMERCIAL|CYCLIST|PUBLIC_TRANSPORT,ocupacion-severa,https://www.valencia.es/cas/actualidad/-/content/tr%C3%A0fico-fallas-val%C3%A8ncia,,2026-05-17T10:22:03.177124+00:00
750,736,OCUPACION,C/ POETA MARAGALL,geoportal_valencia,occupacio_via_publica:260098503,ROUTE_CHANGE,Ruta alternativa recomendada,Evita la zona afectada y revisa el mapa antes de salir.,80,GENERIC|COMMERCIAL|CYCLIST|PUBLIC_TRANSPORT,ocupacion-severa,https://www.valencia.es/cas/actualidad/-/content/tr%C3%A0fico-fallas-val%C3%A8ncia,,2026-05-17T10:22:03.177124+00:00
757,738,OCUPACION,C/ ALZIRA,geoportal_valencia,occupacio_via_publica:260117203,ROUTE_CHANGE,Ruta alternativa recomendada,Evita la zona afectada y revisa el mapa antes de salir.,80,GENERIC|COMMERCIAL|CYCLIST|PUBLIC_TRANSPORT,ocupacion-severa,https://www.valencia.es/cas/actualidad/-/content/tr%C3%A0fico-fallas-val%C3%A8ncia,,2026-05-17T10:22:03.177124+00:00
1,1,OCUPACION,Sin titulo,geoportal_valencia,occupacio_via_publica:240403901,ROUTE_CHANGE,Desvio ciclista recomendado,Comprueba el mapa y evita cruzar la zona de trabajos.,60,CYCLIST,bici-ocupacion,https://www.valencia.es/agenciabici/es/red-de-itinerarios-ciclistas,,2026-05-10T06:24:12.155699+00:00
3,2,OCUPACION,C/ MARIANO DE CAVIA,geoportal_valencia,occupacio_via_publica:250000401,ROUTE_CHANGE,Desvio ciclista recomendado,Comprueba el mapa y evita cruzar la zona de trabajos.,60,CYCLIST,bici-ocupacion,https://www.valencia.es/agenciabici/es/red-de-itinerarios-ciclistas,,2026-05-10T06:24:12.155699+00:00
5,3,OCUPACION,C/ ARQUITECTE SEGURA DE LAGO,geoportal_valencia,occupacio_via_publica:250000402,ROUTE_CHANGE,Desvio ciclista recomendado,Comprueba el mapa y evita cruzar la zona de trabajos.,60,CYCLIST,bici-ocupacion,https://www.valencia.es/agenciabici/es/red-de-itinerarios-ciclistas,,2026-05-10T06:24:12.155699+00:00
7,4,OCUPACION,CV. MALILLA,geoportal_valencia,occupacio_via_publica:240225313,ROUTE_CHANGE,Desvio ciclista recomendado,Comprueba el mapa y evita cruzar la zona de trabajos.,60,CYCLIST,bici-ocupacion,https://www.valencia.es/agenciabici/es/red-de-itinerarios-ciclistas,,2026-05-10T06:24:12.155699+00:00
9,5,OCUPACION,C/ ALCANYÍS,geoportal_valencia,occupacio_via_publica:250041501,ROUTE_CHANGE,Desvio ciclista recomendado,Comprueba el mapa y evita cruzar la zona de trabajos.,60,CYCLIST,bici-ocupacion,https://www.valencia.es/agenciabici/es/red-de-itinerarios-ciclistas,,2026-05-10T06:24:12.155699+00:00
11,6,OCUPACION,PL. BISBE LAGUARDA,geoportal_valencia,occupacio_via_publica:250041503,ROUTE_CHANGE,Desvio ciclista recomendado,Comprueba el mapa y evita cruzar la zona de trabajos.,60,CYCLIST,bici-ocupacion,https://www.valencia.es/agenciabici/es/red-de-itinerarios-ciclistas,,2026-05-10T06:24:12.155699+00:00
13,7,OCUPACION,C/ CAMBRILS,geoportal_valencia,occupacio_via_publica:250041502,ROUTE_CHANGE,Desvio ciclista recomendado,Comprueba el mapa y evita cruzar la zona de trabajos.,60,CYCLIST,bici-ocupacion,https://www.valencia.es/agenciabici/es/red-de-itinerarios-ciclistas,,2026-05-10T06:24:12.155699+00:00
15,8,OCUPACION,AV. POETA FEDERICO GARCIA LORCA,geoportal_valencia,occupacio_via_publica:250094801,ROUTE_CHANGE,Desvio ciclista recomendado,Comprueba el mapa y evita cruzar la zona de trabajos.,60,CYCLIST,bici-ocupacion,https://www.valencia.es/agenciabici/es/red-de-itinerarios-ciclistas,,2026-05-10T06:24:12.155699+00:00
17,9,OCUPACION,C/ CAVITE,geoportal_valencia,occupacio_via_publica:250090101,ROUTE_CHANGE,Desvio ciclista recomendado,Comprueba el mapa y evita cruzar la zona de trabajos.,60,CYCLIST,bici-ocupacion,https://www.valencia.es/agenciabici/es/red-de-itinerarios-ciclistas,,2026-05-10T06:24:12.155699+00:00
19,10,OCUPACION,C/ MARIÀ CUBER,geoportal_valencia,occupacio_via_publica:250108902,ROUTE_CHANGE,Desvio ciclista recomendado,Comprueba el mapa y evita cruzar la zona de trabajos.,60,CYCLIST,bici-ocupacion,https://www.valencia.es/agenciabici/es/red-de-itinerarios-ciclistas,,2026-05-10T06:24:12.155699+00:00
21,11,OCUPACION,PL. CALABUIG,geoportal_valencia,occupacio_via_publica:250108903,ROUTE_CHANGE,Desvio ciclista recomendado,Comprueba el mapa y evita cruzar la zona de trabajos.,60,CYCLIST,bici-ocupacion,https://www.valencia.es/agenciabici/es/red-de-itinerarios-ciclistas,,2026-05-10T06:24:12.155699+00:00
23,12,OCUPACION,C/ BARRACA,geoportal_valencia,occupacio_via_publica:250159001,ROUTE_CHANGE,Desvio ciclista recomendado,Comprueba el mapa y evita cruzar la zona de trabajos.,60,CYCLIST,bici-ocupacion,https://www.valencia.es/agenciabici/es/red-de-itinerarios-ciclistas,,2026-05-10T06:24:12.155699+00:00
25,13,OCUPACION,C/ ARQUITECTE SEGURA DE LAGO,geoportal_valencia,occupacio_via_publica:250000407,ROUTE_CHANGE,Desvio ciclista recomendado,Comprueba el mapa y evita cruzar la zona de trabajos.,60,CYCLIST,bici-ocupacion,https://www.valencia.es/agenciabici/es/red-de-itinerarios-ciclistas,,2026-05-10T06:24:12.155699+00:00
27,14,OCUPACION,C/ BARRACA,geoportal_valencia,occupacio_via_publica:250167501,ROUTE_CHANGE,Desvio ciclista recomendado,Comprueba el mapa y evita cruzar la zona de trabajos.,60,CYCLIST,bici-ocupacion,https://www.valencia.es/agenciabici/es/red-de-itinerarios-ciclistas,,2026-05-10T06:24:12.155699+00:00
29,15,OCUPACION,C/ PARE LLUÍS NAVARRO,geoportal_valencia,occupacio_via_publica:250167502,ROUTE_CHANGE,Desvio ciclista recomendado,Comprueba el mapa y evita cruzar la zona de trabajos.,60,CYCLIST,bici-ocupacion,https://www.valencia.es/agenciabici/es/red-de-itinerarios-ciclistas,,2026-05-10T06:24:12.155699+00:00
31,16,OCUPACION,C/ SOLLANA,geoportal_valencia,occupacio_via_publica:250185901,ROUTE_CHANGE,Desvio ciclista recomendado,Comprueba el mapa y evita cruzar la zona de trabajos.,60,CYCLIST,bici-ocupacion,https://www.valencia.es/agenciabici/es/red-de-itinerarios-ciclistas,,2026-05-10T06:24:12.155699+00:00
33,17,OCUPACION,C/ BOMBER RAMON DUART,geoportal_valencia,occupacio_via_publica:250185902,ROUTE_CHANGE,Desvio ciclista recomendado,Comprueba el mapa y evita cruzar la zona de trabajos.,60,CYCLIST,bici-ocupacion,https://www.valencia.es/agenciabici/es/red-de-itinerarios-ciclistas,,2026-05-10T06:24:12.155699+00:00
35,18,OCUPACION,C/ DOCTOR RAFAEL BARTUAL,geoportal_valencia,occupacio_via_publica:250000403,ROUTE_CHANGE,Desvio ciclista recomendado,Comprueba el mapa y evita cruzar la zona de trabajos.,60,CYCLIST,bici-ocupacion,https://www.valencia.es/agenciabici/es/red-de-itinerarios-ciclistas,,2026-05-10T06:24:12.155699+00:00
37,19,OCUPACION,C/ JOAN MERCADER,geoportal_valencia,occupacio_via_publica:250159101,ROUTE_CHANGE,Desvio ciclista recomendado,Comprueba el mapa y evita cruzar la zona de trabajos.,60,CYCLIST,bici-ocupacion,https://www.valencia.es/agenciabici/es/red-de-itinerarios-ciclistas,,2026-05-10T06:24:12.155699+00:00
39,20,OCUPACION,C/ MÚSIC CHAPÍ,geoportal_valencia,occupacio_via_publica:250159301,ROUTE_CHANGE,Desvio ciclista recomendado,Comprueba el mapa y evita cruzar la zona de trabajos.,60,CYCLIST,bici-ocupacion,https://www.valencia.es/agenciabici/es/red-de-itinerarios-ciclistas,,2026-05-10T06:24:12.155699+00:00
41,21,OCUPACION,C/ JOSEFINA LANDETE ARAGÓ (odontóloga),geoportal_valencia,occupacio_via_publica:250159302,ROUTE_CHANGE,Desvio ciclista recomendado,Comprueba el mapa y evita cruzar la zona de trabajos.,60,CYCLIST,bici-ocupacion,https://www.valencia.es/agenciabici/es/red-de-itinerarios-ciclistas,,2026-05-10T06:24:12.155699+00:00
43,22,OCUPACION,C/ MAXIMILIÀ THOUS,geoportal_valencia,occupacio_via_publica:250229801,ROUTE_CHANGE,Desvio ciclista recomendado,Comprueba el mapa y evita cruzar la zona de trabajos.,60,CYCLIST,bici-ocupacion,https://www.valencia.es/agenciabici/es/red-de-itinerarios-ciclistas,,2026-05-10T06:24:12.155699+00:00
45,23,OCUPACION,C/ TRES D'ABRIL DE 1979,geoportal_valencia,occupacio_via_publica:250188301,ROUTE_CHANGE,Desvio ciclista recomendado,Comprueba el mapa y evita cruzar la zona de trabajos.,60,CYCLIST,bici-ocupacion,https://www.valencia.es/agenciabici/es/red-de-itinerarios-ciclistas,,2026-05-10T06:24:12.155699+00:00
47,24,OCUPACION,C/ PEPITA,geoportal_valencia,occupacio_via_publica:250610001,ROUTE_CHANGE,Desvio ciclista recomendado,Comprueba el mapa y evita cruzar la zona de trabajos.,60,CYCLIST,bici-ocupacion,https://www.valencia.es/agenciabici/es/red-de-itinerarios-ciclistas,,2026-05-10T06:24:12.155699+00:00
49,25,OCUPACION,AV. CORTS VALENCIANES,geoportal_valencia,occupacio_via_publica:250616101,ROUTE_CHANGE,Desvio ciclista recomendado,Comprueba el mapa y evita cruzar la zona de trabajos.,60,CYCLIST,bici-ocupacion,https://www.valencia.es/agenciabici/es/red-de-itinerarios-ciclistas,,2026-05-10T06:24:12.155699+00:00
51,26,OCUPACION,C/ DOCTOR NICASI BENLLOCH,geoportal_valencia,occupacio_via_publica:250637001,ROUTE_CHANGE,Desvio ciclista recomendado,Comprueba el mapa y evita cruzar la zona de trabajos.,60,CYCLIST,bici-ocupacion,https://www.valencia.es/agenciabici/es/red-de-itinerarios-ciclistas,,2026-05-10T06:24:12.155699+00:00
53,27,OCUPACION,AV. GASPAR AGUILAR,geoportal_valencia,occupacio_via_publica:250142101,ROUTE_CHANGE,Desvio ciclista recomendado,Comprueba el mapa y evita cruzar la zona de trabajos.,60,CYCLIST,bici-ocupacion,https://www.valencia.es/agenciabici/es/red-de-itinerarios-ciclistas,,2026-05-10T06:24:12.155699+00:00
55,28,OCUPACION,C/ AMICS DEL CORPUS,geoportal_valencia,occupacio_via_publica:250637002,ROUTE_CHANGE,Desvio ciclista recomendado,Comprueba el mapa y evita cruzar la zona de trabajos.,60,CYCLIST,bici-ocupacion,https://www.valencia.es/agenciabici/es/red-de-itinerarios-ciclistas,,2026-05-10T06:24:12.155699+00:00
57,29,OCUPACION,AV. POETA FEDERICO GARCIA LORCA,geoportal_valencia,occupacio_via_publica:250874301,ROUTE_CHANGE,Desvio ciclista recomendado,Comprueba el mapa y evita cruzar la zona de trabajos.,60,CYCLIST,bici-ocupacion,https://www.valencia.es/agenciabici/es/red-de-itinerarios-ciclistas,,2026-05-10T06:24:12.155699+00:00
59,30,OCUPACION,C/ RIU ESCALONA,geoportal_valencia,occupacio_via_publica:250891701,ROUTE_CHANGE,Desvio ciclista recomendado,Comprueba el mapa y evita cruzar la zona de trabajos.,60,CYCLIST,bici-ocupacion,https://www.valencia.es/agenciabici/es/red-de-itinerarios-ciclistas,,2026-05-10T06:24:12.155699+00:00
61,31,OCUPACION,C/ VICENT MIGUEL CARCELLER (PERIODISTA),geoportal_valencia,occupacio_via_publica:240227702,ROUTE_CHANGE,Desvio ciclista recomendado,Comprueba el mapa y evita cruzar la zona de trabajos.,60,CYCLIST,bici-ocupacion,https://www.valencia.es/agenciabici/es/red-de-itinerarios-ciclistas,,2026-05-10T06:24:12.155699+00:00
63,32,OCUPACION,C/ ILLA FORMENTERA,geoportal_valencia,occupacio_via_publica:240227703,ROUTE_CHANGE,Desvio ciclista recomendado,Comprueba el mapa y evita cruzar la zona de trabajos.,60,CYCLIST,bici-ocupacion,https://www.valencia.es/agenciabici/es/red-de-itinerarios-ciclistas,,2026-05-10T06:24:12.155699+00:00
65,33,OCUPACION,C/ VICENT MIGUEL CARCELLER (PERIODISTA),geoportal_valencia,occupacio_via_publica:240227704,ROUTE_CHANGE,Desvio ciclista recomendado,Comprueba el mapa y evita cruzar la zona de trabajos.,60,CYCLIST,bici-ocupacion,https://www.valencia.es/agenciabici/es/red-de-itinerarios-ciclistas,,2026-05-10T06:24:12.155699+00:00
67,34,OCUPACION,C/ ILLA FORMENTERA,geoportal_valencia,occupacio_via_publica:240227705,ROUTE_CHANGE,Desvio ciclista recomendado,Comprueba el mapa y evita cruzar la zona de trabajos.,60,CYCLIST,bici-ocupacion,https://www.valencia.es/agenciabici/es/red-de-itinerarios-ciclistas,,2026-05-10T06:24:12.155699+00:00
69,35,OCUPACION,C/ ILLA FORMENTERA,geoportal_valencia,occupacio_via_publica:240227706,ROUTE_CHANGE,Desvio ciclista recomendado,Comprueba el mapa y evita cruzar la zona de trabajos.,60,CYCLIST,bici-ocupacion,https://www.valencia.es/agenciabici/es/red-de-itinerarios-ciclistas,,2026-05-10T06:24:12.155699+00:00
71,36,OCUPACION,AV. PERIS I VALERO,geoportal_valencia,occupacio_via_publica:250893901,ROUTE_CHANGE,Desvio ciclista recomendado,Comprueba el mapa y evita cruzar la zona de trabajos.,60,CYCLIST,bici-ocupacion,https://www.valencia.es/agenciabici/es/red-de-itinerarios-ciclistas,,2026-05-10T06:24:12.155699+00:00
73,37,OCUPACION,C/ VICENT BRULL,geoportal_valencia,occupacio_via_publica:250108901,ROUTE_CHANGE,Desvio ciclista recomendado,Comprueba el mapa y evita cruzar la zona de trabajos.,60,CYCLIST,bici-ocupacion,https://www.valencia.es/agenciabici/es/red-de-itinerarios-ciclistas,,2026-05-10T06:24:12.155699+00:00
75,38,OCUPACION,C/ LLUÍS PEIXÓ,geoportal_valencia,occupacio_via_publica:251011001,ROUTE_CHANGE,Desvio ciclista recomendado,Comprueba el mapa y evita cruzar la zona de trabajos.,60,CYCLIST,bici-ocupacion,https://www.valencia.es/agenciabici/es/red-de-itinerarios-ciclistas,,2026-05-10T06:24:12.155699+00:00
77,39,OCUPACION,C/ RIU TAJO,geoportal_valencia,occupacio_via_publica:251016601,ROUTE_CHANGE,Desvio ciclista recomendado,Comprueba el mapa y evita cruzar la zona de trabajos.,60,CYCLIST,bici-ocupacion,https://www.valencia.es/agenciabici/es/red-de-itinerarios-ciclistas,,2026-05-10T06:24:12.155699+00:00
79,40,OCUPACION,Sin titulo,geoportal_valencia,occupacio_via_publica:260000301,ROUTE_CHANGE,Desvio ciclista recomendado,Comprueba el mapa y evita cruzar la zona de trabajos.,60,CYCLIST,bici-ocupacion,https://www.valencia.es/agenciabici/es/red-de-itinerarios-ciclistas,,2026-05-10T06:24:12.155699+00:00
81,41,OCUPACION,C/ FEDERICO ALCACER AGUILAR (DOCTOR EN MEDICINA),geoportal_valencia,occupacio_via_publica:260003901,ROUTE_CHANGE,Desvio ciclista recomendado,Comprueba el mapa y evita cruzar la zona de trabajos.,60,CYCLIST,bici-ocupacion,https://www.valencia.es/agenciabici/es/red-de-itinerarios-ciclistas,,2026-05-10T06:24:12.155699+00:00
83,42,OCUPACION,C/ EP SAN VICENTE MÁRTIR 254,geoportal_valencia,occupacio_via_publica:260007401,ROUTE_CHANGE,Desvio ciclista recomendado,Comprueba el mapa y evita cruzar la zona de trabajos.,60,CYCLIST,bici-ocupacion,https://www.valencia.es/agenciabici/es/red-de-itinerarios-ciclistas,,2026-05-10T06:24:12.155699+00:00
85,43,OCUPACION,C/ EP SAN VICENTE MÁRTIR 254,geoportal_valencia,occupacio_via_publica:260007402,ROUTE_CHANGE,Desvio ciclista recomendado,Comprueba el mapa y evita cruzar la zona de trabajos.,60,CYCLIST,bici-ocupacion,https://www.valencia.es/agenciabici/es/red-de-itinerarios-ciclistas,,2026-05-10T06:24:12.155699+00:00
87,44,OCUPACION,C/ LUIS GARCIA-BERLANGA MARTI (DIRECTOR CINEMA),geoportal_valencia,occupacio_via_publica:260007501,ROUTE_CHANGE,Desvio ciclista recomendado,Comprueba el mapa y evita cruzar la zona de trabajos.,60,CYCLIST,bici-ocupacion,https://www.valencia.es/agenciabici/es/red-de-itinerarios-ciclistas,,2026-05-10T06:24:12.155699+00:00
89,45,OCUPACION,C/ DOLORES ALCAIDE,geoportal_valencia,occupacio_via_publica:260007403,ROUTE_CHANGE,Desvio ciclista recomendado,Comprueba el mapa y evita cruzar la zona de trabajos.,60,CYCLIST,bici-ocupacion,https://www.valencia.es/agenciabici/es/red-de-itinerarios-ciclistas,,2026-05-10T06:24:12.155699+00:00
91,46,OCUPACION,AV. JOSE ROCA COLL (PIANISTA),geoportal_valencia,occupacio_via_publica:260011801,ROUTE_CHANGE,Desvio ciclista recomendado,Comprueba el mapa y evita cruzar la zona de trabajos.,60,CYCLIST,bici-ocupacion,https://www.valencia.es/agenciabici/es/red-de-itinerarios-ciclistas,,2026-05-10T06:24:12.155699+00:00
93,47,OCUPACION,C/ PERE III EL GRAN,geoportal_valencia,occupacio_via_publica:260008701,ROUTE_CHANGE,Desvio ciclista recomendado,Comprueba el mapa y evita cruzar la zona de trabajos.,60,CYCLIST,bici-ocupacion,https://www.valencia.es/agenciabici/es/red-de-itinerarios-ciclistas,,2026-05-10T06:24:12.155699+00:00
95,48,OCUPACION,C/ MANYÀ,geoportal_valencia,occupacio_via_publica:260028901,ROUTE_CHANGE,Desvio ciclista recomendado,Comprueba el mapa y evita cruzar la zona de trabajos.,60,CYCLIST,bici-ocupacion,https://www.valencia.es/agenciabici/es/red-de-itinerarios-ciclistas,,2026-05-10T06:24:12.155699+00:00
97,49,OCUPACION,C/ JOAN BAPTISTA MUÑOZ,geoportal_valencia,occupacio_via_publica:260027901,ROUTE_CHANGE,Desvio ciclista recomendado,Comprueba el mapa y evita cruzar la zona de trabajos.,60,CYCLIST,bici-ocupacion,https://www.valencia.es/agenciabici/es/red-de-itinerarios-ciclistas,,2026-05-10T06:24:12.155699+00:00
99,50,OCUPACION,C/ JOAN BAPTISTA MUÑOZ,geoportal_valencia,occupacio_via_publica:260027801,ROUTE_CHANGE,Desvio ciclista recomendado,Comprueba el mapa y evita cruzar la zona de trabajos.,60,CYCLIST,bici-ocupacion,https://www.valencia.es/agenciabici/es/red-de-itinerarios-ciclistas,,2026-05-10T06:24:12.155699+00:00
101,51,OCUPACION,C/ ASTÚRIES,geoportal_valencia,occupacio_via_publica:260027701,ROUTE_CHANGE,Desvio ciclista recomendado,Comprueba el mapa y evita cruzar la zona de trabajos.,60,CYCLIST,bici-ocupacion,https://www.valencia.es/agenciabici/es/red-de-itinerarios-ciclistas,,2026-05-10T06:24:12.155699+00:00
103,52,OCUPACION,C/ SANT VICENT MÀRTIR,geoportal_valencia,occupacio_via_publica:260035501,ROUTE_CHANGE,Desvio ciclista recomendado,Comprueba el mapa y evita cruzar la zona de trabajos.,60,CYCLIST,bici-ocupacion,https://www.valencia.es/agenciabici/es/red-de-itinerarios-ciclistas,,2026-05-10T06:24:12.155699+00:00
105,53,OCUPACION,C/ ILLA FORMENTERA,geoportal_valencia,occupacio_via_publica:260035601,ROUTE_CHANGE,Desvio ciclista recomendado,Comprueba el mapa y evita cruzar la zona de trabajos.,60,CYCLIST,bici-ocupacion,https://www.valencia.es/agenciabici/es/red-de-itinerarios-ciclistas,,2026-05-10T06:24:12.155699+00:00
107,54,OCUPACION,AV. CARDENAL BENLLOCH,geoportal_valencia,occupacio_via_publica:240201402,ROUTE_CHANGE,Desvio ciclista recomendado,Comprueba el mapa y evita cruzar la zona de trabajos.,60,CYCLIST,bici-ocupacion,https://www.valencia.es/agenciabici/es/red-de-itinerarios-ciclistas,,2026-05-10T06:24:12.155699+00:00
109,55,OCUPACION,AV. BURJASSOT,geoportal_valencia,occupacio_via_publica:260049101,ROUTE_CHANGE,Desvio ciclista recomendado,Comprueba el mapa y evita cruzar la zona de trabajos.,60,CYCLIST,bici-ocupacion,https://www.valencia.es/agenciabici/es/red-de-itinerarios-ciclistas,,2026-05-10T06:24:12.155699+00:00
111,56,OCUPACION,PG. NEPTÚ,geoportal_valencia,occupacio_via_publica:260051101,ROUTE_CHANGE,Desvio ciclista recomendado,Comprueba el mapa y evita cruzar la zona de trabajos.,60,CYCLIST,bici-ocupacion,https://www.valencia.es/agenciabici/es/red-de-itinerarios-ciclistas,,2026-05-10T06:24:12.155699+00:00
113,57,OCUPACION,C/ VICENT BALLESTER,geoportal_valencia,occupacio_via_publica:260054501,ROUTE_CHANGE,Desvio ciclista recomendado,Comprueba el mapa y evita cruzar la zona de trabajos.,60,CYCLIST,bici-ocupacion,https://www.valencia.es/agenciabici/es/red-de-itinerarios-ciclistas,,2026-05-10T06:24:12.155699+00:00
115,58,OCUPACION,PL. CORREU VELL,geoportal_valencia,occupacio_via_publica:260055501,ROUTE_CHANGE,Desvio ciclista recomendado,Comprueba el mapa y evita cruzar la zona de trabajos.,60,CYCLIST,bici-ocupacion,https://www.valencia.es/agenciabici/es/red-de-itinerarios-ciclistas,,2026-05-10T06:24:12.155699+00:00
117,59,OCUPACION,C/ SANTANDER,geoportal_valencia,occupacio_via_publica:260059901,ROUTE_CHANGE,Desvio ciclista recomendado,Comprueba el mapa y evita cruzar la zona de trabajos.,60,CYCLIST,bici-ocupacion,https://www.valencia.es/agenciabici/es/red-de-itinerarios-ciclistas,,2026-05-10T06:24:12.155699+00:00
119,60,OCUPACION,C/ JOSEP AGUIRRE,geoportal_valencia,occupacio_via_publica:260061201,ROUTE_CHANGE,Desvio ciclista recomendado,Comprueba el mapa y evita cruzar la zona de trabajos.,60,CYCLIST,bici-ocupacion,https://www.valencia.es/agenciabici/es/red-de-itinerarios-ciclistas,,2026-05-10T06:24:12.155699+00:00
121,61,OCUPACION,C/ OLTÀ,geoportal_valencia,occupacio_via_publica:260018401,ROUTE_CHANGE,Desvio ciclista recomendado,Comprueba el mapa y evita cruzar la zona de trabajos.,60,CYCLIST,bici-ocupacion,https://www.valencia.es/agenciabici/es/red-de-itinerarios-ciclistas,,2026-05-10T06:24:12.155699+00:00
123,62,OCUPACION,C/ RAFAEL ALBERTI,geoportal_valencia,occupacio_via_publica:260063901,ROUTE_CHANGE,Desvio ciclista recomendado,Comprueba el mapa y evita cruzar la zona de trabajos.,60,CYCLIST,bici-ocupacion,https://www.valencia.es/agenciabici/es/red-de-itinerarios-ciclistas,,2026-05-10T06:24:12.155699+00:00
125,63,OCUPACION,C/ MESTRE SOSA,geoportal_valencia,occupacio_via_publica:260073302,ROUTE_CHANGE,Desvio ciclista recomendado,Comprueba el mapa y evita cruzar la zona de trabajos.,60,CYCLIST,bici-ocupacion,https://www.valencia.es/agenciabici/es/red-de-itinerarios-ciclistas,,2026-05-10T06:24:12.155699+00:00
127,64,OCUPACION,C/ ALBACETE,geoportal_valencia,occupacio_via_publica:260073303,ROUTE_CHANGE,Desvio ciclista recomendado,Comprueba el mapa y evita cruzar la zona de trabajos.,60,CYCLIST,bici-ocupacion,https://www.valencia.es/agenciabici/es/red-de-itinerarios-ciclistas,,2026-05-10T06:24:12.155699+00:00
129,65,OCUPACION,C/ MALUQUER,geoportal_valencia,occupacio_via_publica:260073301,ROUTE_CHANGE,Desvio ciclista recomendado,Comprueba el mapa y evita cruzar la zona de trabajos.,60,CYCLIST,bici-ocupacion,https://www.valencia.es/agenciabici/es/red-de-itinerarios-ciclistas,,2026-05-10T06:24:12.155699+00:00
131,66,OCUPACION,C/ JOAN LLORENÇ,geoportal_valencia,occupacio_via_publica:260073903,ROUTE_CHANGE,Desvio ciclista recomendado,Comprueba el mapa y evita cruzar la zona de trabajos.,60,CYCLIST,bici-ocupacion,https://www.valencia.es/agenciabici/es/red-de-itinerarios-ciclistas,,2026-05-10T06:24:12.155699+00:00
133,67,OCUPACION,C/ ALCALDE ALBORS,geoportal_valencia,occupacio_via_publica:260073901,ROUTE_CHANGE,Desvio ciclista recomendado,Comprueba el mapa y evita cruzar la zona de trabajos.,60,CYCLIST,bici-ocupacion,https://www.valencia.es/agenciabici/es/red-de-itinerarios-ciclistas,,2026-05-10T06:24:12.155699+00:00
135,68,OCUPACION,C/ TORRES,geoportal_valencia,occupacio_via_publica:260073905,ROUTE_CHANGE,Desvio ciclista recomendado,Comprueba el mapa y evita cruzar la zona de trabajos.,60,CYCLIST,bici-ocupacion,https://www.valencia.es/agenciabici/es/red-de-itinerarios-ciclistas,,2026-05-10T06:24:12.155699+00:00
137,69,OCUPACION,C/ CALIXT III,geoportal_valencia,occupacio_via_publica:260073904,ROUTE_CHANGE,Desvio ciclista recomendado,Comprueba el mapa y evita cruzar la zona de trabajos.,60,CYCLIST,bici-ocupacion,https://www.valencia.es/agenciabici/es/red-de-itinerarios-ciclistas,,2026-05-10T06:24:12.155699+00:00
139,70,OCUPACION,C/ TORRES TORRES,geoportal_valencia,occupacio_via_publica:260073902,ROUTE_CHANGE,Desvio ciclista recomendado,Comprueba el mapa y evita cruzar la zona de trabajos.,60,CYCLIST,bici-ocupacion,https://www.valencia.es/agenciabici/es/red-de-itinerarios-ciclistas,,2026-05-10T06:24:12.155699+00:00
141,71,OCUPACION,C/ MARIANO RIBERA,geoportal_valencia,occupacio_via_publica:260075201,ROUTE_CHANGE,Desvio ciclista recomendado,Comprueba el mapa y evita cruzar la zona de trabajos.,60,CYCLIST,bici-ocupacion,https://www.valencia.es/agenciabici/es/red-de-itinerarios-ciclistas,,2026-05-10T06:24:12.155699+00:00
143,72,OCUPACION,C/ LLADRÓ I MALLÍ,geoportal_valencia,occupacio_via_publica:260081901,ROUTE_CHANGE,Desvio ciclista recomendado,Comprueba el mapa y evita cruzar la zona de trabajos.,60,CYCLIST,bici-ocupacion,https://www.valencia.es/agenciabici/es/red-de-itinerarios-ciclistas,,2026-05-10T06:24:12.155699+00:00
145,73,OCUPACION,C/ FONT ROJA,geoportal_valencia,occupacio_via_publica:260081902,ROUTE_CHANGE,Desvio ciclista recomendado,Comprueba el mapa y evita cruzar la zona de trabajos.,60,CYCLIST,bici-ocupacion,https://www.valencia.es/agenciabici/es/red-de-itinerarios-ciclistas,,2026-05-10T06:24:12.155699+00:00
147,74,OCUPACION,Sin titulo,geoportal_valencia,occupacio_via_publica:260087201,ROUTE_CHANGE,Desvio ciclista recomendado,Comprueba el mapa y evita cruzar la zona de trabajos.,60,CYCLIST,bici-ocupacion,https://www.valencia.es/agenciabici/es/red-de-itinerarios-ciclistas,,2026-05-10T06:24:12.155699+00:00
149,75,OCUPACION,CTRA. MALILLA,geoportal_valencia,occupacio_via_publica:260087102,ROUTE_CHANGE,Desvio ciclista recomendado,Comprueba el mapa y evita cruzar la zona de trabajos.,60,CYCLIST,bici-ocupacion,https://www.valencia.es/agenciabici/es/red-de-itinerarios-ciclistas,,2026-05-10T06:24:12.155699+00:00
151,76,OCUPACION,Sin titulo,geoportal_valencia,occupacio_via_publica:250627907,ROUTE_CHANGE,Desvio ciclista recomendado,Comprueba el mapa y evita cruzar la zona de trabajos.,60,CYCLIST,bici-ocupacion,https://www.valencia.es/agenciabici/es/red-de-itinerarios-ciclistas,,2026-05-10T06:24:12.155699+00:00
153,77,OCUPACION,Sin titulo,geoportal_valencia,occupacio_via_publica:260001706,ROUTE_CHANGE,Desvio ciclista recomendado,Comprueba el mapa y evita cruzar la zona de trabajos.,60,CYCLIST,bici-ocupacion,https://www.valencia.es/agenciabici/es/red-de-itinerarios-ciclistas,,2026-05-10T06:24:12.155699+00:00
155,78,OCUPACION,Sin titulo,geoportal_valencia,occupacio_via_publica:260001705,ROUTE_CHANGE,Desvio ciclista recomendado,Comprueba el mapa y evita cruzar la zona de trabajos.,60,CYCLIST,bici-ocupacion,https://www.valencia.es/agenciabici/es/red-de-itinerarios-ciclistas,,2026-05-10T06:24:12.155699+00:00
157,79,OCUPACION,C/ BERENGUER MALLOL,geoportal_valencia,occupacio_via_publica:260089801,ROUTE_CHANGE,Desvio ciclista recomendado,Comprueba el mapa y evita cruzar la zona de trabajos.,60,CYCLIST,bici-ocupacion,https://www.valencia.es/agenciabici/es/red-de-itinerarios-ciclistas,,2026-05-10T06:24:12.155699+00:00
159,80,OCUPACION,C/ DOS D'ABRIL,geoportal_valencia,occupacio_via_publica:260093301,ROUTE_CHANGE,Desvio ciclista recomendado,Comprueba el mapa y evita cruzar la zona de trabajos.,60,CYCLIST,bici-ocupacion,https://www.valencia.es/agenciabici/es/red-de-itinerarios-ciclistas,,2026-05-10T06:24:12.155699+00:00
161,81,OCUPACION,C/ GONZÁLEZ MARTÍ,geoportal_valencia,occupacio_via_publica:260092601,ROUTE_CHANGE,Desvio ciclista recomendado,Comprueba el mapa y evita cruzar la zona de trabajos.,60,CYCLIST,bici-ocupacion,https://www.valencia.es/agenciabici/es/red-de-itinerarios-ciclistas,,2026-05-10T06:24:12.155699+00:00
163,82,OCUPACION,C/ ALMOINES,geoportal_valencia,occupacio_via_publica:260097001,ROUTE_CHANGE,Desvio ciclista recomendado,Comprueba el mapa y evita cruzar la zona de trabajos.,60,CYCLIST,bici-ocupacion,https://www.valencia.es/agenciabici/es/red-de-itinerarios-ciclistas,,2026-05-10T06:24:12.155699+00:00
165,83,OCUPACION,PL. SANT NICOLAU,geoportal_valencia,occupacio_via_publica:260096801,ROUTE_CHANGE,Desvio ciclista recomendado,Comprueba el mapa y evita cruzar la zona de trabajos.,60,CYCLIST,bici-ocupacion,https://www.valencia.es/agenciabici/es/red-de-itinerarios-ciclistas,,2026-05-10T06:24:12.155699+00:00
167,84,OCUPACION,C/ URUGUAI,geoportal_valencia,occupacio_via_publica:260097601,ROUTE_CHANGE,Desvio ciclista recomendado,Comprueba el mapa y evita cruzar la zona de trabajos.,60,CYCLIST,bici-ocupacion,https://www.valencia.es/agenciabici/es/red-de-itinerarios-ciclistas,,2026-05-10T06:24:12.155699+00:00
169,85,OCUPACION,C/ OLIMPIA AROZENA TORRES (PROFESSORA),geoportal_valencia,occupacio_via_publica:260097002,ROUTE_CHANGE,Desvio ciclista recomendado,Comprueba el mapa y evita cruzar la zona de trabajos.,60,CYCLIST,bici-ocupacion,https://www.valencia.es/agenciabici/es/red-de-itinerarios-ciclistas,,2026-05-10T06:24:12.155699+00:00
171,86,OCUPACION,C/ MESTRE GUERRERO,geoportal_valencia,occupacio_via_publica:260097602,ROUTE_CHANGE,Desvio ciclista recomendado,Comprueba el mapa y evita cruzar la zona de trabajos.,60,CYCLIST,bici-ocupacion,https://www.valencia.es/agenciabici/es/red-de-itinerarios-ciclistas,,2026-05-10T06:24:12.155699+00:00
173,87,OCUPACION,C/ MESTRE GUERRERO,geoportal_valencia,occupacio_via_publica:260097603,ROUTE_CHANGE,Desvio ciclista recomendado,Comprueba el mapa y evita cruzar la zona de trabajos.,60,CYCLIST,bici-ocupacion,https://www.valencia.es/agenciabici/es/red-de-itinerarios-ciclistas,,2026-05-10T06:24:12.155699+00:00
175,88,OCUPACION,Sin titulo,geoportal_valencia,occupacio_via_publica:260098502,ROUTE_CHANGE,Desvio ciclista recomendado,Comprueba el mapa y evita cruzar la zona de trabajos.,60,CYCLIST,bici-ocupacion,https://www.valencia.es/agenciabici/es/red-de-itinerarios-ciclistas,,2026-05-10T06:24:12.155699+00:00
177,89,OCUPACION,C/ TORRES,geoportal_valencia,occupacio_via_publica:260099901,ROUTE_CHANGE,Desvio ciclista recomendado,Comprueba el mapa y evita cruzar la zona de trabajos.,60,CYCLIST,bici-ocupacion,https://www.valencia.es/agenciabici/es/red-de-itinerarios-ciclistas,,2026-05-10T06:24:12.155699+00:00
179,90,OCUPACION,Sin titulo,geoportal_valencia,occupacio_via_publica:260102602,ROUTE_CHANGE,Desvio ciclista recomendado,Comprueba el mapa y evita cruzar la zona de trabajos.,60,CYCLIST,bici-ocupacion,https://www.valencia.es/agenciabici/es/red-de-itinerarios-ciclistas,,2026-05-10T06:24:12.155699+00:00
181,91,OCUPACION,Sin titulo,geoportal_valencia,occupacio_via_publica:394888,ROUTE_CHANGE,Desvio ciclista recomendado,Comprueba el mapa y evita cruzar la zona de trabajos.,60,CYCLIST,bici-ocupacion,https://www.valencia.es/agenciabici/es/red-de-itinerarios-ciclistas,,2026-05-10T06:24:12.155699+00:00
183,92,OCUPACION,AV. TARONGERS,geoportal_valencia,occupacio_via_publica:260101601,ROUTE_CHANGE,Desvio ciclista recomendado,Comprueba el mapa y evita cruzar la zona de trabajos.,60,CYCLIST,bici-ocupacion,https://www.valencia.es/agenciabici/es/red-de-itinerarios-ciclistas,,2026-05-10T06:24:12.155699+00:00
185,93,OCUPACION,C/ BON ORDE,geoportal_valencia,occupacio_via_publica:260104503,ROUTE_CHANGE,Desvio ciclista recomendado,Comprueba el mapa y evita cruzar la zona de trabajos.,60,CYCLIST,bici-ocupacion,https://www.valencia.es/agenciabici/es/red-de-itinerarios-ciclistas,,2026-05-10T06:24:12.155699+00:00
187,94,OCUPACION,C/ BON ORDE,geoportal_valencia,occupacio_via_publica:260104504,ROUTE_CHANGE,Desvio ciclista recomendado,Comprueba el mapa y evita cruzar la zona de trabajos.,60,CYCLIST,bici-ocupacion,https://www.valencia.es/agenciabici/es/red-de-itinerarios-ciclistas,,2026-05-10T06:24:12.155699+00:00
189,95,OCUPACION,C/ JOAN LLORENÇ,geoportal_valencia,occupacio_via_publica:260104506,ROUTE_CHANGE,Desvio ciclista recomendado,Comprueba el mapa y evita cruzar la zona de trabajos.,60,CYCLIST,bici-ocupacion,https://www.valencia.es/agenciabici/es/red-de-itinerarios-ciclistas,,2026-05-10T06:24:12.155699+00:00
191,96,OCUPACION,Sin titulo,geoportal_valencia,occupacio_via_publica:260102601,ROUTE_CHANGE,Desvio ciclista recomendado,Comprueba el mapa y evita cruzar la zona de trabajos.,60,CYCLIST,bici-ocupacion,https://www.valencia.es/agenciabici/es/red-de-itinerarios-ciclistas,,2026-05-10T06:24:12.155699+00:00
193,97,OCUPACION,C/ BON ORDE,geoportal_valencia,occupacio_via_publica:260104502,ROUTE_CHANGE,Desvio ciclista recomendado,Comprueba el mapa y evita cruzar la zona de trabajos.,60,CYCLIST,bici-ocupacion,https://www.valencia.es/agenciabici/es/red-de-itinerarios-ciclistas,,2026-05-10T06:24:12.155699+00:00
195,98,OCUPACION,C/ JOAN LLORENÇ,geoportal_valencia,occupacio_via_publica:260104505,ROUTE_CHANGE,Desvio ciclista recomendado,Comprueba el mapa y evita cruzar la zona de trabajos.,60,CYCLIST,bici-ocupacion,https://www.valencia.es/agenciabici/es/red-de-itinerarios-ciclistas,,2026-05-10T06:24:12.155699+00:00
197,99,OCUPACION,C/ BON ORDE,geoportal_valencia,occupacio_via_publica:260104501,ROUTE_CHANGE,Desvio ciclista recomendado,Comprueba el mapa y evita cruzar la zona de trabajos.,60,CYCLIST,bici-ocupacion,https://www.valencia.es/agenciabici/es/red-de-itinerarios-ciclistas,,2026-05-10T06:24:12.155699+00:00
199,100,OCUPACION,Sin titulo,geoportal_valencia,occupacio_via_publica:394811,ROUTE_CHANGE,Desvio ciclista recomendado,Comprueba el mapa y evita cruzar la zona de trabajos.,60,CYCLIST,bici-ocupacion,https://www.valencia.es/agenciabici/es/red-de-itinerarios-ciclistas,,2026-05-10T06:24:12.155699+00:00
201,101,OCUPACION,Sin titulo,geoportal_valencia,occupacio_via_publica:394989,ROUTE_CHANGE,Desvio ciclista recomendado,Comprueba el mapa y evita cruzar la zona de trabajos.,60,CYCLIST,bici-ocupacion,https://www.valencia.es/agenciabici/es/red-de-itinerarios-ciclistas,,2026-05-10T06:24:12.155699+00:00
203,102,OCUPACION,C/ ILLA FORMENTERA,geoportal_valencia,occupacio_via_publica:260105401,ROUTE_CHANGE,Desvio ciclista recomendado,Comprueba el mapa y evita cruzar la zona de trabajos.,60,CYCLIST,bici-ocupacion,https://www.valencia.es/agenciabici/es/red-de-itinerarios-ciclistas,,2026-05-10T06:24:12.155699+00:00
205,103,OCUPACION,C/ MONTESA,geoportal_valencia,occupacio_via_publica:250638808,ROUTE_CHANGE,Desvio ciclista recomendado,Comprueba el mapa y evita cruzar la zona de trabajos.,60,CYCLIST,bici-ocupacion,https://www.valencia.es/agenciabici/es/red-de-itinerarios-ciclistas,,2026-05-10T06:24:12.155699+00:00
207,104,OCUPACION,AV. GASPAR AGUILAR,geoportal_valencia,occupacio_via_publica:250638809,ROUTE_CHANGE,Desvio ciclista recomendado,Comprueba el mapa y evita cruzar la zona de trabajos.,60,CYCLIST,bici-ocupacion,https://www.valencia.es/agenciabici/es/red-de-itinerarios-ciclistas,,2026-05-10T06:24:12.155699+00:00
209,105,OCUPACION,AV. GASPAR AGUILAR,geoportal_valencia,occupacio_via_publica:250638807,ROUTE_CHANGE,Desvio ciclista recomendado,Comprueba el mapa y evita cruzar la zona de trabajos.,60,CYCLIST,bici-ocupacion,https://www.valencia.es/agenciabici/es/red-de-itinerarios-ciclistas,,2026-05-10T06:24:12.155699+00:00
211,106,OCUPACION,C/ DOCTOR PÉREZ FELIU,geoportal_valencia,occupacio_via_publica:260106303,ROUTE_CHANGE,Desvio ciclista recomendado,Comprueba el mapa y evita cruzar la zona de trabajos.,60,CYCLIST,bici-ocupacion,https://www.valencia.es/agenciabici/es/red-de-itinerarios-ciclistas,,2026-05-10T06:24:12.155699+00:00
213,107,OCUPACION,Sin titulo,geoportal_valencia,occupacio_via_publica:260108801,ROUTE_CHANGE,Desvio ciclista recomendado,Comprueba el mapa y evita cruzar la zona de trabajos.,60,CYCLIST,bici-ocupacion,https://www.valencia.es/agenciabici/es/red-de-itinerarios-ciclistas,,2026-05-10T06:24:12.155699+00:00
215,108,OCUPACION,AV. AUSIÀS MARCH,geoportal_valencia,occupacio_via_publica:260110103,ROUTE_CHANGE,Desvio ciclista recomendado,Comprueba el mapa y evita cruzar la zona de trabajos.,60,CYCLIST,bici-ocupacion,https://www.valencia.es/agenciabici/es/red-de-itinerarios-ciclistas,,2026-05-10T06:24:12.155699+00:00
217,109,OCUPACION,C/ CALAMOCHA,geoportal_valencia,occupacio_via_publica:260109801,ROUTE_CHANGE,Desvio ciclista recomendado,Comprueba el mapa y evita cruzar la zona de trabajos.,60,CYCLIST,bici-ocupacion,https://www.valencia.es/agenciabici/es/red-de-itinerarios-ciclistas,,2026-05-10T06:24:12.155699+00:00
219,110,OCUPACION,Sin titulo,geoportal_valencia,occupacio_via_publica:260106501,ROUTE_CHANGE,Desvio ciclista recomendado,Comprueba el mapa y evita cruzar la zona de trabajos.,60,CYCLIST,bici-ocupacion,https://www.valencia.es/agenciabici/es/red-de-itinerarios-ciclistas,,2026-05-10T06:24:12.155699+00:00
221,111,OCUPACION,CAMI. ALABAU,geoportal_valencia,occupacio_via_publica:260110109,ROUTE_CHANGE,Desvio ciclista recomendado,Comprueba el mapa y evita cruzar la zona de trabajos.,60,CYCLIST,bici-ocupacion,https://www.valencia.es/agenciabici/es/red-de-itinerarios-ciclistas,,2026-05-10T06:24:12.155699+00:00
223,112,OCUPACION,C/ MOLÍ DE PALA,geoportal_valencia,occupacio_via_publica:260110112,ROUTE_CHANGE,Desvio ciclista recomendado,Comprueba el mapa y evita cruzar la zona de trabajos.,60,CYCLIST,bici-ocupacion,https://www.valencia.es/agenciabici/es/red-de-itinerarios-ciclistas,,2026-05-10T06:24:12.155699+00:00
225,113,OCUPACION,C/ SEGART,geoportal_valencia,occupacio_via_publica:260110106,ROUTE_CHANGE,Desvio ciclista recomendado,Comprueba el mapa y evita cruzar la zona de trabajos.,60,CYCLIST,bici-ocupacion,https://www.valencia.es/agenciabici/es/red-de-itinerarios-ciclistas,,2026-05-10T06:24:12.155699+00:00
227,114,OCUPACION,AV. TREBALLADORS,geoportal_valencia,occupacio_via_publica:260110101,ROUTE_CHANGE,Desvio ciclista recomendado,Comprueba el mapa y evita cruzar la zona de trabajos.,60,CYCLIST,bici-ocupacion,https://www.valencia.es/agenciabici/es/red-de-itinerarios-ciclistas,,2026-05-10T06:24:12.155699+00:00
229,115,OCUPACION,C/ SEDAVÍ,geoportal_valencia,occupacio_via_publica:260110104,ROUTE_CHANGE,Desvio ciclista recomendado,Comprueba el mapa y evita cruzar la zona de trabajos.,60,CYCLIST,bici-ocupacion,https://www.valencia.es/agenciabici/es/red-de-itinerarios-ciclistas,,2026-05-10T06:24:12.155699+00:00
231,116,OCUPACION,ENTD. CASA DELS COLOMINS,geoportal_valencia,occupacio_via_publica:260110110,ROUTE_CHANGE,Desvio ciclista recomendado,Comprueba el mapa y evita cruzar la zona de trabajos.,60,CYCLIST,bici-ocupacion,https://www.valencia.es/agenciabici/es/red-de-itinerarios-ciclistas,,2026-05-10T06:24:12.155699+00:00
233,117,OCUPACION,C/ EP ASSAGADOR DE LA TORRE,geoportal_valencia,occupacio_via_publica:260110102,ROUTE_CHANGE,Desvio ciclista recomendado,Comprueba el mapa y evita cruzar la zona de trabajos.,60,CYCLIST,bici-ocupacion,https://www.valencia.es/agenciabici/es/red-de-itinerarios-ciclistas,,2026-05-10T06:24:12.155699+00:00
235,118,OCUPACION,C/ ROTGLÀ I CORBERÀ,geoportal_valencia,occupacio_via_publica:260110108,ROUTE_CHANGE,Desvio ciclista recomendado,Comprueba el mapa y evita cruzar la zona de trabajos.,60,CYCLIST,bici-ocupacion,https://www.valencia.es/agenciabici/es/red-de-itinerarios-ciclistas,,2026-05-10T06:24:12.155699+00:00
237,119,OCUPACION,C/ CREUETA ALTA,geoportal_valencia,occupacio_via_publica:260110113,ROUTE_CHANGE,Desvio ciclista recomendado,Comprueba el mapa y evita cruzar la zona de trabajos.,60,CYCLIST,bici-ocupacion,https://www.valencia.es/agenciabici/es/red-de-itinerarios-ciclistas,,2026-05-10T06:24:12.155699+00:00
239,120,OCUPACION,PL. RIU SEGURA,geoportal_valencia,occupacio_via_publica:260110107,ROUTE_CHANGE,Desvio ciclista recomendado,Comprueba el mapa y evita cruzar la zona de trabajos.,60,CYCLIST,bici-ocupacion,https://www.valencia.es/agenciabici/es/red-de-itinerarios-ciclistas,,2026-05-10T06:24:12.155699+00:00
241,121,OCUPACION,AV. EUROPA,geoportal_valencia,occupacio_via_publica:260110111,ROUTE_CHANGE,Desvio ciclista recomendado,Comprueba el mapa y evita cruzar la zona de trabajos.,60,CYCLIST,bici-ocupacion,https://www.valencia.es/agenciabici/es/red-de-itinerarios-ciclistas,,2026-05-10T06:24:12.155699+00:00
243,122,OCUPACION,AV. MENÉNDEZ Y PELAYO,geoportal_valencia,occupacio_via_publica:260099401,ROUTE_CHANGE,Desvio ciclista recomendado,Comprueba el mapa y evita cruzar la zona de trabajos.,60,CYCLIST,bici-ocupacion,https://www.valencia.es/agenciabici/es/red-de-itinerarios-ciclistas,,2026-05-10T06:24:12.155699+00:00
245,123,OCUPACION,VIALES INCLUIDOS EN PROYECTO,geoportal_valencia,occupacio_via_publica:260112901,ROUTE_CHANGE,Desvio ciclista recomendado,Comprueba el mapa y evita cruzar la zona de trabajos.,60,CYCLIST,bici-ocupacion,https://www.valencia.es/agenciabici/es/red-de-itinerarios-ciclistas,,2026-05-10T06:24:12.155699+00:00
247,124,OCUPACION,Sin titulo,geoportal_valencia,occupacio_via_publica:395350,ROUTE_CHANGE,Desvio ciclista recomendado,Comprueba el mapa y evita cruzar la zona de trabajos.,60,CYCLIST,bici-ocupacion,https://www.valencia.es/agenciabici/es/red-de-itinerarios-ciclistas,,2026-05-10T06:24:12.155699+00:00
249,125,OCUPACION,Sin titulo,geoportal_valencia,occupacio_via_publica:395394,ROUTE_CHANGE,Desvio ciclista recomendado,Comprueba el mapa y evita cruzar la zona de trabajos.,60,CYCLIST,bici-ocupacion,https://www.valencia.es/agenciabici/es/red-de-itinerarios-ciclistas,,2026-05-10T06:24:12.155699+00:00
251,126,OCUPACION,Sin titulo,geoportal_valencia,occupacio_via_publica:260084201,ROUTE_CHANGE,Desvio ciclista recomendado,Comprueba el mapa y evita cruzar la zona de trabajos.,60,CYCLIST,bici-ocupacion,https://www.valencia.es/agenciabici/es/red-de-itinerarios-ciclistas,,2026-05-10T06:24:12.155699+00:00
253,127,OCUPACION,CTRA. MALILLA,geoportal_valencia,occupacio_via_publica:260087101,ROUTE_CHANGE,Desvio ciclista recomendado,Comprueba el mapa y evita cruzar la zona de trabajos.,60,CYCLIST,bici-ocupacion,https://www.valencia.es/agenciabici/es/red-de-itinerarios-ciclistas,,2026-05-10T06:24:12.155699+00:00
255,128,OCUPACION,ACCESO ZAL DESDE CAMI ANOUERS,geoportal_valencia,occupacio_via_publica:260112503,ROUTE_CHANGE,Desvio ciclista recomendado,Comprueba el mapa y evita cruzar la zona de trabajos.,60,CYCLIST,bici-ocupacion,https://www.valencia.es/agenciabici/es/red-de-itinerarios-ciclistas,,2026-05-10T06:24:12.155699+00:00
257,129,OCUPACION,CAMI. CAMINOT,geoportal_valencia,occupacio_via_publica:260112502,ROUTE_CHANGE,Desvio ciclista recomendado,Comprueba el mapa y evita cruzar la zona de trabajos.,60,CYCLIST,bici-ocupacion,https://www.valencia.es/agenciabici/es/red-de-itinerarios-ciclistas,,2026-05-10T06:24:12.155699+00:00
259,130,OCUPACION,CAMI. ANOUERS,geoportal_valencia,occupacio_via_publica:260112501,ROUTE_CHANGE,Desvio ciclista recomendado,Comprueba el mapa y evita cruzar la zona de trabajos.,60,CYCLIST,bici-ocupacion,https://www.valencia.es/agenciabici/es/red-de-itinerarios-ciclistas,,2026-05-10T06:24:12.155699+00:00
261,131,OCUPACION,C/ ALZIRA,geoportal_valencia,occupacio_via_publica:260117201,ROUTE_CHANGE,Desvio ciclista recomendado,Comprueba el mapa y evita cruzar la zona de trabajos.,60,CYCLIST,bici-ocupacion,https://www.valencia.es/agenciabici/es/red-de-itinerarios-ciclistas,,2026-05-10T06:24:12.155699+00:00
263,132,OCUPACION,Sin titulo,geoportal_valencia,occupacio_via_publica:250119902,ROUTE_CHANGE,Desvio ciclista recomendado,Comprueba el mapa y evita cruzar la zona de trabajos.,60,CYCLIST,bici-ocupacion,https://www.valencia.es/agenciabici/es/red-de-itinerarios-ciclistas,,2026-05-10T06:24:12.155699+00:00
265,133,OCUPACION,C/ PINTOR PEIRÓ,geoportal_valencia,occupacio_via_publica:260127902,ROUTE_CHANGE,Desvio ciclista recomendado,Comprueba el mapa y evita cruzar la zona de trabajos.,60,CYCLIST,bici-ocupacion,https://www.valencia.es/agenciabici/es/red-de-itinerarios-ciclistas,,2026-05-10T06:24:12.155699+00:00
267,134,OCUPACION,C/ TIRIG,geoportal_valencia,occupacio_via_publica:260127913,ROUTE_CHANGE,Desvio ciclista recomendado,Comprueba el mapa y evita cruzar la zona de trabajos.,60,CYCLIST,bici-ocupacion,https://www.valencia.es/agenciabici/es/red-de-itinerarios-ciclistas,,2026-05-10T06:24:12.155699+00:00
269,135,OCUPACION,Sin titulo,geoportal_valencia,occupacio_via_publica:260127102,ROUTE_CHANGE,Desvio ciclista recomendado,Comprueba el mapa y evita cruzar la zona de trabajos.,60,CYCLIST,bici-ocupacion,https://www.valencia.es/agenciabici/es/red-de-itinerarios-ciclistas,,2026-05-10T06:24:12.155699+00:00
271,136,OCUPACION,C/ LLUÍS DE MILÀ,geoportal_valencia,occupacio_via_publica:260127912,ROUTE_CHANGE,Desvio ciclista recomendado,Comprueba el mapa y evita cruzar la zona de trabajos.,60,CYCLIST,bici-ocupacion,https://www.valencia.es/agenciabici/es/red-de-itinerarios-ciclistas,,2026-05-10T06:24:12.155699+00:00
273,137,OCUPACION,C/ VALLÉS,geoportal_valencia,occupacio_via_publica:250638502,ROUTE_CHANGE,Desvio ciclista recomendado,Comprueba el mapa y evita cruzar la zona de trabajos.,60,CYCLIST,bici-ocupacion,https://www.valencia.es/agenciabici/es/red-de-itinerarios-ciclistas,,2026-05-10T06:24:12.155699+00:00
275,138,OCUPACION,Sin titulo,geoportal_valencia,occupacio_via_publica:260128801,ROUTE_CHANGE,Desvio ciclista recomendado,Comprueba el mapa y evita cruzar la zona de trabajos.,60,CYCLIST,bici-ocupacion,https://www.valencia.es/agenciabici/es/red-de-itinerarios-ciclistas,,2026-05-10T06:24:12.155699+00:00
277,139,OCUPACION,C/ ORGANISTA PLASÈNCIA,geoportal_valencia,occupacio_via_publica:260127911,ROUTE_CHANGE,Desvio ciclista recomendado,Comprueba el mapa y evita cruzar la zona de trabajos.,60,CYCLIST,bici-ocupacion,https://www.valencia.es/agenciabici/es/red-de-itinerarios-ciclistas,,2026-05-10T06:24:12.155699+00:00
279,140,OCUPACION,Sin titulo,geoportal_valencia,occupacio_via_publica:260127001,ROUTE_CHANGE,Desvio ciclista recomendado,Comprueba el mapa y evita cruzar la zona de trabajos.,60,CYCLIST,bici-ocupacion,https://www.valencia.es/agenciabici/es/red-de-itinerarios-ciclistas,,2026-05-10T06:24:12.155699+00:00
281,141,OCUPACION,C/ SEGONA REPÚBLICA ESPANYOLA,geoportal_valencia,occupacio_via_publica:260127908,ROUTE_CHANGE,Desvio ciclista recomendado,Comprueba el mapa y evita cruzar la zona de trabajos.,60,CYCLIST,bici-ocupacion,https://www.valencia.es/agenciabici/es/red-de-itinerarios-ciclistas,,2026-05-10T06:24:12.155699+00:00
283,142,OCUPACION,C/ AGUSTÍ CENTELLES OSSÓ (FOTÒGRAF),geoportal_valencia,occupacio_via_publica:260127901,ROUTE_CHANGE,Desvio ciclista recomendado,Comprueba el mapa y evita cruzar la zona de trabajos.,60,CYCLIST,bici-ocupacion,https://www.valencia.es/agenciabici/es/red-de-itinerarios-ciclistas,,2026-05-10T06:24:12.155699+00:00
285,143,OCUPACION,C/ NATURALISTA ARÉVALO BACA,geoportal_valencia,occupacio_via_publica:260127903,ROUTE_CHANGE,Desvio ciclista recomendado,Comprueba el mapa y evita cruzar la zona de trabajos.,60,CYCLIST,bici-ocupacion,https://www.valencia.es/agenciabici/es/red-de-itinerarios-ciclistas,,2026-05-10T06:24:12.155699+00:00
287,144,OCUPACION,Sin titulo,geoportal_valencia,occupacio_via_publica:260128601,ROUTE_CHANGE,Desvio ciclista recomendado,Comprueba el mapa y evita cruzar la zona de trabajos.,60,CYCLIST,bici-ocupacion,https://www.valencia.es/agenciabici/es/red-de-itinerarios-ciclistas,,2026-05-10T06:24:12.155699+00:00
289,145,OCUPACION,C/ OLIVERETA,geoportal_valencia,occupacio_via_publica:260127907,ROUTE_CHANGE,Desvio ciclista recomendado,Comprueba el mapa y evita cruzar la zona de trabajos.,60,CYCLIST,bici-ocupacion,https://www.valencia.es/agenciabici/es/red-de-itinerarios-ciclistas,,2026-05-10T06:24:12.155699+00:00
291,146,OCUPACION,C/ GABRIEL Y GALÁN,geoportal_valencia,occupacio_via_publica:260127909,ROUTE_CHANGE,Desvio ciclista recomendado,Comprueba el mapa y evita cruzar la zona de trabajos.,60,CYCLIST,bici-ocupacion,https://www.valencia.es/agenciabici/es/red-de-itinerarios-ciclistas,,2026-05-10T06:24:12.155699+00:00
293,147,OCUPACION,C/ JOAQUIM NAVARRO,geoportal_valencia,occupacio_via_publica:260127910,ROUTE_CHANGE,Desvio ciclista recomendado,Comprueba el mapa y evita cruzar la zona de trabajos.,60,CYCLIST,bici-ocupacion,https://www.valencia.es/agenciabici/es/red-de-itinerarios-ciclistas,,2026-05-10T06:24:12.155699+00:00
295,148,OCUPACION,C/ MARXALENES,geoportal_valencia,occupacio_via_publica:260129401,ROUTE_CHANGE,Desvio ciclista recomendado,Comprueba el mapa y evita cruzar la zona de trabajos.,60,CYCLIST,bici-ocupacion,https://www.valencia.es/agenciabici/es/red-de-itinerarios-ciclistas,,2026-05-10T06:24:12.155699+00:00
297,149,OCUPACION,Sin titulo,geoportal_valencia,occupacio_via_publica:260128802,ROUTE_CHANGE,Desvio ciclista recomendado,Comprueba el mapa y evita cruzar la zona de trabajos.,60,CYCLIST,bici-ocupacion,https://www.valencia.es/agenciabici/es/red-de-itinerarios-ciclistas,,2026-05-10T06:24:12.155699+00:00
299,150,OCUPACION,C/ CERDÀ I RICO,geoportal_valencia,occupacio_via_publica:260127906,ROUTE_CHANGE,Desvio ciclista recomendado,Comprueba el mapa y evita cruzar la zona de trabajos.,60,CYCLIST,bici-ocupacion,https://www.valencia.es/agenciabici/es/red-de-itinerarios-ciclistas,,2026-05-10T06:24:12.155699+00:00
301,151,OCUPACION,C/ NATURALISTA RAFAEL CISTERNAS,geoportal_valencia,occupacio_via_publica:260127904,ROUTE_CHANGE,Desvio ciclista recomendado,Comprueba el mapa y evita cruzar la zona de trabajos.,60,CYCLIST,bici-ocupacion,https://www.valencia.es/agenciabici/es/red-de-itinerarios-ciclistas,,2026-05-10T06:24:12.155699+00:00
303,152,OCUPACION,C/ ALZIRA,geoportal_valencia,occupacio_via_publica:260117202,ROUTE_CHANGE,Desvio ciclista recomendado,Comprueba el mapa y evita cruzar la zona de trabajos.,60,CYCLIST,bici-ocupacion,https://www.valencia.es/agenciabici/es/red-de-itinerarios-ciclistas,,2026-05-10T06:24:12.155699+00:00
305,153,OCUPACION,Sin titulo,geoportal_valencia,occupacio_via_publica:260127101,ROUTE_CHANGE,Desvio ciclista recomendado,Comprueba el mapa y evita cruzar la zona de trabajos.,60,CYCLIST,bici-ocupacion,https://www.valencia.es/agenciabici/es/red-de-itinerarios-ciclistas,,2026-05-10T06:24:12.155699+00:00
307,154,OCUPACION,Sin titulo,geoportal_valencia,occupacio_via_publica:260128803,ROUTE_CHANGE,Desvio ciclista recomendado,Comprueba el mapa y evita cruzar la zona de trabajos.,60,CYCLIST,bici-ocupacion,https://www.valencia.es/agenciabici/es/red-de-itinerarios-ciclistas,,2026-05-10T06:24:12.155699+00:00
309,155,OCUPACION,C/ DEMOCRÀCIA,geoportal_valencia,occupacio_via_publica:260128201,ROUTE_CHANGE,Desvio ciclista recomendado,Comprueba el mapa y evita cruzar la zona de trabajos.,60,CYCLIST,bici-ocupacion,https://www.valencia.es/agenciabici/es/red-de-itinerarios-ciclistas,,2026-05-10T06:24:12.155699+00:00
311,156,OCUPACION,C/ PLANAS,geoportal_valencia,occupacio_via_publica:260128301,ROUTE_CHANGE,Desvio ciclista recomendado,Comprueba el mapa y evita cruzar la zona de trabajos.,60,CYCLIST,bici-ocupacion,https://www.valencia.es/agenciabici/es/red-de-itinerarios-ciclistas,,2026-05-10T06:24:12.155699+00:00
313,157,OCUPACION,C/ PERIODISTA JOSÉ OMBUENA,geoportal_valencia,occupacio_via_publica:260127905,ROUTE_CHANGE,Desvio ciclista recomendado,Comprueba el mapa y evita cruzar la zona de trabajos.,60,CYCLIST,bici-ocupacion,https://www.valencia.es/agenciabici/es/red-de-itinerarios-ciclistas,,2026-05-10T06:24:12.155699+00:00
315,158,OCUPACION,AV. PÉREZ GALDÓS,geoportal_valencia,occupacio_via_publica:250227801,ROUTE_CHANGE,Desvio ciclista recomendado,Comprueba el mapa y evita cruzar la zona de trabajos.,60,CYCLIST,bici-ocupacion,https://www.valencia.es/agenciabici/es/red-de-itinerarios-ciclistas,,2026-05-10T06:24:12.155699+00:00
317,159,OCUPACION,AV. GIORGETA,geoportal_valencia,occupacio_via_publica:250227802,ROUTE_CHANGE,Desvio ciclista recomendado,Comprueba el mapa y evita cruzar la zona de trabajos.,60,CYCLIST,bici-ocupacion,https://www.valencia.es/agenciabici/es/red-de-itinerarios-ciclistas,,2026-05-10T06:24:12.155699+00:00
319,160,OCUPACION,C/ JESÚS,geoportal_valencia,occupacio_via_publica:250227812,ROUTE_CHANGE,Desvio ciclista recomendado,Comprueba el mapa y evita cruzar la zona de trabajos.,60,CYCLIST,bici-ocupacion,https://www.valencia.es/agenciabici/es/red-de-itinerarios-ciclistas,,2026-05-10T06:24:12.155699+00:00
321,161,OCUPACION,C/ MARQUÉS DE CENETE,geoportal_valencia,occupacio_via_publica:250227813,ROUTE_CHANGE,Desvio ciclista recomendado,Comprueba el mapa y evita cruzar la zona de trabajos.,60,CYCLIST,bici-ocupacion,https://www.valencia.es/agenciabici/es/red-de-itinerarios-ciclistas,,2026-05-10T06:24:12.155699+00:00
323,162,OCUPACION,PL. ARTUR PIERA,geoportal_valencia,occupacio_via_publica:250227814,ROUTE_CHANGE,Desvio ciclista recomendado,Comprueba el mapa y evita cruzar la zona de trabajos.,60,CYCLIST,bici-ocupacion,https://www.valencia.es/agenciabici/es/red-de-itinerarios-ciclistas,,2026-05-10T06:24:12.155699+00:00
325,163,OCUPACION,C/ CARTAGENA,geoportal_valencia,occupacio_via_publica:250227815,ROUTE_CHANGE,Desvio ciclista recomendado,Comprueba el mapa y evita cruzar la zona de trabajos.,60,CYCLIST,bici-ocupacion,https://www.valencia.es/agenciabici/es/red-de-itinerarios-ciclistas,,2026-05-10T06:24:12.155699+00:00
327,164,OCUPACION,C/ BRASIL,geoportal_valencia,occupacio_via_publica:250227816,ROUTE_CHANGE,Desvio ciclista recomendado,Comprueba el mapa y evita cruzar la zona de trabajos.,60,CYCLIST,bici-ocupacion,https://www.valencia.es/agenciabici/es/red-de-itinerarios-ciclistas,,2026-05-10T06:24:12.155699+00:00
329,165,OCUPACION,C/ BRASIL,geoportal_valencia,occupacio_via_publica:250227817,ROUTE_CHANGE,Desvio ciclista recomendado,Comprueba el mapa y evita cruzar la zona de trabajos.,60,CYCLIST,bici-ocupacion,https://www.valencia.es/agenciabici/es/red-de-itinerarios-ciclistas,,2026-05-10T06:24:12.155699+00:00
331,166,OCUPACION,C/ ALCALDE ALBORS,geoportal_valencia,occupacio_via_publica:250227819,ROUTE_CHANGE,Desvio ciclista recomendado,Comprueba el mapa y evita cruzar la zona de trabajos.,60,CYCLIST,bici-ocupacion,https://www.valencia.es/agenciabici/es/red-de-itinerarios-ciclistas,,2026-05-10T06:24:12.155699+00:00
333,167,OCUPACION,C/ OLIVERETA,geoportal_valencia,occupacio_via_publica:250227820,ROUTE_CHANGE,Desvio ciclista recomendado,Comprueba el mapa y evita cruzar la zona de trabajos.,60,CYCLIST,bici-ocupacion,https://www.valencia.es/agenciabici/es/red-de-itinerarios-ciclistas,,2026-05-10T06:24:12.155699+00:00
335,168,OCUPACION,AV. PÉREZ GALDÓS,geoportal_valencia,occupacio_via_publica:250227825,ROUTE_CHANGE,Desvio ciclista recomendado,Comprueba el mapa y evita cruzar la zona de trabajos.,60,CYCLIST,bici-ocupacion,https://www.valencia.es/agenciabici/es/red-de-itinerarios-ciclistas,,2026-05-10T06:24:12.155699+00:00
337,169,OCUPACION,C/ HEROI ROMEU,geoportal_valencia,occupacio_via_publica:250227826,ROUTE_CHANGE,Desvio ciclista recomendado,Comprueba el mapa y evita cruzar la zona de trabajos.,60,CYCLIST,bici-ocupacion,https://www.valencia.es/agenciabici/es/red-de-itinerarios-ciclistas,,2026-05-10T06:24:12.155699+00:00
339,170,OCUPACION,C/ AIORA,geoportal_valencia,occupacio_via_publica:250227827,ROUTE_CHANGE,Desvio ciclista recomendado,Comprueba el mapa y evita cruzar la zona de trabajos.,60,CYCLIST,bici-ocupacion,https://www.valencia.es/agenciabici/es/red-de-itinerarios-ciclistas,,2026-05-10T06:24:12.155699+00:00
341,171,OCUPACION,AV. PÉREZ GALDÓS,geoportal_valencia,occupacio_via_publica:250227828,ROUTE_CHANGE,Desvio ciclista recomendado,Comprueba el mapa y evita cruzar la zona de trabajos.,60,CYCLIST,bici-ocupacion,https://www.valencia.es/agenciabici/es/red-de-itinerarios-ciclistas,,2026-05-10T06:24:12.155699+00:00
343,172,OCUPACION,C/ LINARES,geoportal_valencia,occupacio_via_publica:250227830,ROUTE_CHANGE,Desvio ciclista recomendado,Comprueba el mapa y evita cruzar la zona de trabajos.,60,CYCLIST,bici-ocupacion,https://www.valencia.es/agenciabici/es/red-de-itinerarios-ciclistas,,2026-05-10T06:24:12.155699+00:00
345,173,OCUPACION,C/ LLORCA,geoportal_valencia,occupacio_via_publica:250227838,ROUTE_CHANGE,Desvio ciclista recomendado,Comprueba el mapa y evita cruzar la zona de trabajos.,60,CYCLIST,bici-ocupacion,https://www.valencia.es/agenciabici/es/red-de-itinerarios-ciclistas,,2026-05-10T06:24:12.155699+00:00
347,174,OCUPACION,C/ PINTOR NAVARRO LLORENS,geoportal_valencia,occupacio_via_publica:250227842,ROUTE_CHANGE,Desvio ciclista recomendado,Comprueba el mapa y evita cruzar la zona de trabajos.,60,CYCLIST,bici-ocupacion,https://www.valencia.es/agenciabici/es/red-de-itinerarios-ciclistas,,2026-05-10T06:24:12.155699+00:00
349,175,OCUPACION,C/ BORRASCA,geoportal_valencia,occupacio_via_publica:260013101,ROUTE_CHANGE,Desvio ciclista recomendado,Comprueba el mapa y evita cruzar la zona de trabajos.,60,CYCLIST,bici-ocupacion,https://www.valencia.es/agenciabici/es/red-de-itinerarios-ciclistas,,2026-05-10T06:24:12.155699+00:00
351,176,OCUPACION,Sin titulo,geoportal_valencia,occupacio_via_publica:250085837,ROUTE_CHANGE,Desvio ciclista recomendado,Comprueba el mapa y evita cruzar la zona de trabajos.,60,CYCLIST,bici-ocupacion,https://www.valencia.es/agenciabici/es/red-de-itinerarios-ciclistas,,2026-05-10T06:24:12.155699+00:00
353,177,OCUPACION,Sin titulo,geoportal_valencia,occupacio_via_publica:250085836,ROUTE_CHANGE,Desvio ciclista recomendado,Comprueba el mapa y evita cruzar la zona de trabajos.,60,CYCLIST,bici-ocupacion,https://www.valencia.es/agenciabici/es/red-de-itinerarios-ciclistas,,2026-05-10T06:24:12.155699+00:00
355,178,OCUPACION,C/ SEGÀRIA,geoportal_valencia,occupacio_via_publica:260132801,ROUTE_CHANGE,Desvio ciclista recomendado,Comprueba el mapa y evita cruzar la zona de trabajos.,60,CYCLIST,bici-ocupacion,https://www.valencia.es/agenciabici/es/red-de-itinerarios-ciclistas,,2026-05-10T06:24:12.155699+00:00
357,179,OCUPACION,PG. ALBEREDA,geoportal_valencia,occupacio_via_publica:260132301,ROUTE_CHANGE,Desvio ciclista recomendado,Comprueba el mapa y evita cruzar la zona de trabajos.,60,CYCLIST,bici-ocupacion,https://www.valencia.es/agenciabici/es/red-de-itinerarios-ciclistas,,2026-05-10T06:24:12.155699+00:00
359,180,OCUPACION,PG. PETXINA,geoportal_valencia,occupacio_via_publica:260132101,ROUTE_CHANGE,Desvio ciclista recomendado,Comprueba el mapa y evita cruzar la zona de trabajos.,60,CYCLIST,bici-ocupacion,https://www.valencia.es/agenciabici/es/red-de-itinerarios-ciclistas,,2026-05-10T06:24:12.155699+00:00
361,181,OCUPACION,C/ CERDÀ I RICO,geoportal_valencia,occupacio_via_publica:260107303,ROUTE_CHANGE,Desvio ciclista recomendado,Comprueba el mapa y evita cruzar la zona de trabajos.,60,CYCLIST,bici-ocupacion,https://www.valencia.es/agenciabici/es/red-de-itinerarios-ciclistas,,2026-05-10T06:24:12.155699+00:00
363,182,OCUPACION,C/ SEGÀRIA,geoportal_valencia,occupacio_via_publica:260132802,ROUTE_CHANGE,Desvio ciclista recomendado,Comprueba el mapa y evita cruzar la zona de trabajos.,60,CYCLIST,bici-ocupacion,https://www.valencia.es/agenciabici/es/red-de-itinerarios-ciclistas,,2026-05-10T06:24:12.155699+00:00
365,183,OCUPACION,Sin titulo,geoportal_valencia,occupacio_via_publica:260135002,ROUTE_CHANGE,Desvio ciclista recomendado,Comprueba el mapa y evita cruzar la zona de trabajos.,60,CYCLIST,bici-ocupacion,https://www.valencia.es/agenciabici/es/red-de-itinerarios-ciclistas,,2026-05-10T06:24:12.155699+00:00
367,184,OCUPACION,Sin titulo,geoportal_valencia,occupacio_via_publica:260046303,ROUTE_CHANGE,Desvio ciclista recomendado,Comprueba el mapa y evita cruzar la zona de trabajos.,60,CYCLIST,bici-ocupacion,https://www.valencia.es/agenciabici/es/red-de-itinerarios-ciclistas,,2026-05-10T06:24:12.155699+00:00
369,185,OCUPACION,C/ DOCTOR PÉREZ FELIU,geoportal_valencia,occupacio_via_publica:260106302,ROUTE_CHANGE,Desvio ciclista recomendado,Comprueba el mapa y evita cruzar la zona de trabajos.,60,CYCLIST,bici-ocupacion,https://www.valencia.es/agenciabici/es/red-de-itinerarios-ciclistas,,2026-05-10T06:24:12.155699+00:00
371,186,OCUPACION,C/ CONVENT DELS CARMELITES,geoportal_valencia,occupacio_via_publica:260068302,ROUTE_CHANGE,Desvio ciclista recomendado,Comprueba el mapa y evita cruzar la zona de trabajos.,60,CYCLIST,bici-ocupacion,https://www.valencia.es/agenciabici/es/red-de-itinerarios-ciclistas,,2026-05-10T06:24:12.155699+00:00
373,187,OCUPACION,C/ SANTS JUST I PASTOR,geoportal_valencia,occupacio_via_publica:260139401,ROUTE_CHANGE,Desvio ciclista recomendado,Comprueba el mapa y evita cruzar la zona de trabajos.,60,CYCLIST,bici-ocupacion,https://www.valencia.es/agenciabici/es/red-de-itinerarios-ciclistas,,2026-05-10T06:24:12.155699+00:00
375,188,OCUPACION,Sin titulo,geoportal_valencia,occupacio_via_publica:260140301,ROUTE_CHANGE,Desvio ciclista recomendado,Comprueba el mapa y evita cruzar la zona de trabajos.,60,CYCLIST,bici-ocupacion,https://www.valencia.es/agenciabici/es/red-de-itinerarios-ciclistas,,2026-05-10T06:24:12.155699+00:00
377,189,OCUPACION,Sin titulo,geoportal_valencia,occupacio_via_publica:260140302,ROUTE_CHANGE,Desvio ciclista recomendado,Comprueba el mapa y evita cruzar la zona de trabajos.,60,CYCLIST,bici-ocupacion,https://www.valencia.es/agenciabici/es/red-de-itinerarios-ciclistas,,2026-05-10T06:24:12.155699+00:00
379,190,OCUPACION,C/ ILLA FORMENTERA,geoportal_valencia,occupacio_via_publica:260137901,ROUTE_CHANGE,Desvio ciclista recomendado,Comprueba el mapa y evita cruzar la zona de trabajos.,60,CYCLIST,bici-ocupacion,https://www.valencia.es/agenciabici/es/red-de-itinerarios-ciclistas,,2026-05-10T06:24:12.155699+00:00
381,191,OCUPACION,Sin titulo,geoportal_valencia,occupacio_via_publica:260137301,ROUTE_CHANGE,Desvio ciclista recomendado,Comprueba el mapa y evita cruzar la zona de trabajos.,60,CYCLIST,bici-ocupacion,https://www.valencia.es/agenciabici/es/red-de-itinerarios-ciclistas,,2026-05-10T06:24:12.155699+00:00
383,192,OCUPACION,AV. GIORGETA,geoportal_valencia,occupacio_via_publica:260137801,ROUTE_CHANGE,Desvio ciclista recomendado,Comprueba el mapa y evita cruzar la zona de trabajos.,60,CYCLIST,bici-ocupacion,https://www.valencia.es/agenciabici/es/red-de-itinerarios-ciclistas,,2026-05-10T06:24:12.155699+00:00
385,193,OCUPACION,C/ COMTE DE TORREFIEL,geoportal_valencia,occupacio_via_publica:260137101,ROUTE_CHANGE,Desvio ciclista recomendado,Comprueba el mapa y evita cruzar la zona de trabajos.,60,CYCLIST,bici-ocupacion,https://www.valencia.es/agenciabici/es/red-de-itinerarios-ciclistas,,2026-05-10T06:24:12.155699+00:00
387,194,OCUPACION,Sin titulo,geoportal_valencia,occupacio_via_publica:250871506,ROUTE_CHANGE,Desvio ciclista recomendado,Comprueba el mapa y evita cruzar la zona de trabajos.,60,CYCLIST,bici-ocupacion,https://www.valencia.es/agenciabici/es/red-de-itinerarios-ciclistas,,2026-05-10T06:24:12.155699+00:00
389,195,OCUPACION,Sin titulo,geoportal_valencia,occupacio_via_publica:260142301,ROUTE_CHANGE,Desvio ciclista recomendado,Comprueba el mapa y evita cruzar la zona de trabajos.,60,CYCLIST,bici-ocupacion,https://www.valencia.es/agenciabici/es/red-de-itinerarios-ciclistas,,2026-05-10T06:24:12.155699+00:00
391,196,OCUPACION,Sin titulo,geoportal_valencia,occupacio_via_publica:251005413,ROUTE_CHANGE,Desvio ciclista recomendado,Comprueba el mapa y evita cruzar la zona de trabajos.,60,CYCLIST,bici-ocupacion,https://www.valencia.es/agenciabici/es/red-de-itinerarios-ciclistas,,2026-05-10T06:24:12.155699+00:00
393,197,OCUPACION,Sin titulo,geoportal_valencia,occupacio_via_publica:260141901,ROUTE_CHANGE,Desvio ciclista recomendado,Comprueba el mapa y evita cruzar la zona de trabajos.,60,CYCLIST,bici-ocupacion,https://www.valencia.es/agenciabici/es/red-de-itinerarios-ciclistas,,2026-05-10T06:24:12.155699+00:00
395,198,OCUPACION,Sin titulo,geoportal_valencia,occupacio_via_publica:260141903,ROUTE_CHANGE,Desvio ciclista recomendado,Comprueba el mapa y evita cruzar la zona de trabajos.,60,CYCLIST,bici-ocupacion,https://www.valencia.es/agenciabici/es/red-de-itinerarios-ciclistas,,2026-05-10T06:24:12.155699+00:00
397,199,OCUPACION,Sin titulo,geoportal_valencia,occupacio_via_publica:260141902,ROUTE_CHANGE,Desvio ciclista recomendado,Comprueba el mapa y evita cruzar la zona de trabajos.,60,CYCLIST,bici-ocupacion,https://www.valencia.es/agenciabici/es/red-de-itinerarios-ciclistas,,2026-05-10T06:24:12.155699+00:00
399,200,OCUPACION,Sin titulo,geoportal_valencia,occupacio_via_publica:260141201,ROUTE_CHANGE,Desvio ciclista recomendado,Comprueba el mapa y evita cruzar la zona de trabajos.,60,CYCLIST,bici-ocupacion,https://www.valencia.es/agenciabici/es/red-de-itinerarios-ciclistas,,2026-05-10T06:24:12.155699+00:00
401,201,OCUPACION,Sin titulo,geoportal_valencia,occupacio_via_publica:260141601,ROUTE_CHANGE,Desvio ciclista recomendado,Comprueba el mapa y evita cruzar la zona de trabajos.,60,CYCLIST,bici-ocupacion,https://www.valencia.es/agenciabici/es/red-de-itinerarios-ciclistas,,2026-05-10T06:24:12.155699+00:00
403,202,OCUPACION,Sin titulo,geoportal_valencia,occupacio_via_publica:260142401,ROUTE_CHANGE,Desvio ciclista recomendado,Comprueba el mapa y evita cruzar la zona de trabajos.,60,CYCLIST,bici-ocupacion,https://www.valencia.es/agenciabici/es/red-de-itinerarios-ciclistas,,2026-05-10T06:24:12.155699+00:00
405,203,OCUPACION,Sin titulo,geoportal_valencia,occupacio_via_publica:260143201,ROUTE_CHANGE,Desvio ciclista recomendado,Comprueba el mapa y evita cruzar la zona de trabajos.,60,CYCLIST,bici-ocupacion,https://www.valencia.es/agenciabici/es/red-de-itinerarios-ciclistas,,2026-05-10T06:24:12.155699+00:00
407,204,OCUPACION,Sin titulo,geoportal_valencia,occupacio_via_publica:260142502,ROUTE_CHANGE,Desvio ciclista recomendado,Comprueba el mapa y evita cruzar la zona de trabajos.,60,CYCLIST,bici-ocupacion,https://www.valencia.es/agenciabici/es/red-de-itinerarios-ciclistas,,2026-05-10T06:24:12.155699+00:00
409,205,OCUPACION,Sin titulo,geoportal_valencia,occupacio_via_publica:260142501,ROUTE_CHANGE,Desvio ciclista recomendado,Comprueba el mapa y evita cruzar la zona de trabajos.,60,CYCLIST,bici-ocupacion,https://www.valencia.es/agenciabici/es/red-de-itinerarios-ciclistas,,2026-05-10T06:24:12.155699+00:00
411,206,OCUPACION,Sin titulo,geoportal_valencia,occupacio_via_publica:260146901,ROUTE_CHANGE,Desvio ciclista recomendado,Comprueba el mapa y evita cruzar la zona de trabajos.,60,CYCLIST,bici-ocupacion,https://www.valencia.es/agenciabici/es/red-de-itinerarios-ciclistas,,2026-05-10T06:24:12.155699+00:00
413,207,OCUPACION,LLOC. PONT DE L'ASSUT DE L'OR,geoportal_valencia,occupacio_via_publica:260143901,ROUTE_CHANGE,Desvio ciclista recomendado,Comprueba el mapa y evita cruzar la zona de trabajos.,60,CYCLIST,bici-ocupacion,https://www.valencia.es/agenciabici/es/red-de-itinerarios-ciclistas,,2026-05-10T06:24:12.155699+00:00
415,208,OCUPACION,Sin titulo,geoportal_valencia,occupacio_via_publica:260095406,ROUTE_CHANGE,Desvio ciclista recomendado,Comprueba el mapa y evita cruzar la zona de trabajos.,60,CYCLIST,bici-ocupacion,https://www.valencia.es/agenciabici/es/red-de-itinerarios-ciclistas,,2026-05-10T06:24:12.155699+00:00
417,209,OCUPACION,Sin titulo,geoportal_valencia,occupacio_via_publica:260146501,ROUTE_CHANGE,Desvio ciclista recomendado,Comprueba el mapa y evita cruzar la zona de trabajos.,60,CYCLIST,bici-ocupacion,https://www.valencia.es/agenciabici/es/red-de-itinerarios-ciclistas,,2026-05-10T06:24:12.155699+00:00
419,210,OCUPACION,Sin titulo,geoportal_valencia,occupacio_via_publica:260147301,ROUTE_CHANGE,Desvio ciclista recomendado,Comprueba el mapa y evita cruzar la zona de trabajos.,60,CYCLIST,bici-ocupacion,https://www.valencia.es/agenciabici/es/red-de-itinerarios-ciclistas,,2026-05-10T06:24:12.155699+00:00
421,211,OCUPACION,Sin titulo,geoportal_valencia,occupacio_via_publica:260146601,ROUTE_CHANGE,Desvio ciclista recomendado,Comprueba el mapa y evita cruzar la zona de trabajos.,60,CYCLIST,bici-ocupacion,https://www.valencia.es/agenciabici/es/red-de-itinerarios-ciclistas,,2026-05-10T06:24:12.155699+00:00
423,212,OCUPACION,Sin titulo,geoportal_valencia,occupacio_via_publica:260144301,ROUTE_CHANGE,Desvio ciclista recomendado,Comprueba el mapa y evita cruzar la zona de trabajos.,60,CYCLIST,bici-ocupacion,https://www.valencia.es/agenciabici/es/red-de-itinerarios-ciclistas,,2026-05-10T06:24:12.155699+00:00
425,213,OCUPACION,Sin titulo,geoportal_valencia,occupacio_via_publica:260095407,ROUTE_CHANGE,Desvio ciclista recomendado,Comprueba el mapa y evita cruzar la zona de trabajos.,60,CYCLIST,bici-ocupacion,https://www.valencia.es/agenciabici/es/red-de-itinerarios-ciclistas,,2026-05-10T06:24:12.155699+00:00
427,214,OCUPACION,C/ BONIFACI FERRER,geoportal_valencia,occupacio_via_publica:260144101,ROUTE_CHANGE,Desvio ciclista recomendado,Comprueba el mapa y evita cruzar la zona de trabajos.,60,CYCLIST,bici-ocupacion,https://www.valencia.es/agenciabici/es/red-de-itinerarios-ciclistas,,2026-05-10T06:24:12.155699+00:00
429,215,OCUPACION,C/ AIORA,geoportal_valencia,occupacio_via_publica:260119703,ROUTE_CHANGE,Desvio ciclista recomendado,Comprueba el mapa y evita cruzar la zona de trabajos.,60,CYCLIST,bici-ocupacion,https://www.valencia.es/agenciabici/es/red-de-itinerarios-ciclistas,,2026-05-10T06:24:12.155699+00:00
431,216,OCUPACION,Sin titulo,geoportal_valencia,occupacio_via_publica:260145301,ROUTE_CHANGE,Desvio ciclista recomendado,Comprueba el mapa y evita cruzar la zona de trabajos.,60,CYCLIST,bici-ocupacion,https://www.valencia.es/agenciabici/es/red-de-itinerarios-ciclistas,,2026-05-10T06:24:12.155699+00:00
433,217,OCUPACION,Sin titulo,geoportal_valencia,occupacio_via_publica:260145701,ROUTE_CHANGE,Desvio ciclista recomendado,Comprueba el mapa y evita cruzar la zona de trabajos.,60,CYCLIST,bici-ocupacion,https://www.valencia.es/agenciabici/es/red-de-itinerarios-ciclistas,,2026-05-10T06:24:12.155699+00:00
435,218,OCUPACION,Sin titulo,geoportal_valencia,occupacio_via_publica:260146401,ROUTE_CHANGE,Desvio ciclista recomendado,Comprueba el mapa y evita cruzar la zona de trabajos.,60,CYCLIST,bici-ocupacion,https://www.valencia.es/agenciabici/es/red-de-itinerarios-ciclistas,,2026-05-10T06:24:12.155699+00:00
437,219,OCUPACION,Sin titulo,geoportal_valencia,occupacio_via_publica:260144701,ROUTE_CHANGE,Desvio ciclista recomendado,Comprueba el mapa y evita cruzar la zona de trabajos.,60,CYCLIST,bici-ocupacion,https://www.valencia.es/agenciabici/es/red-de-itinerarios-ciclistas,,2026-05-10T06:24:12.155699+00:00
439,220,OCUPACION,Sin titulo,geoportal_valencia,occupacio_via_publica:260148201,ROUTE_CHANGE,Desvio ciclista recomendado,Comprueba el mapa y evita cruzar la zona de trabajos.,60,CYCLIST,bici-ocupacion,https://www.valencia.es/agenciabici/es/red-de-itinerarios-ciclistas,,2026-05-10T06:24:12.155699+00:00
441,221,OCUPACION,Sin titulo,geoportal_valencia,occupacio_via_publica:260148901,ROUTE_CHANGE,Desvio ciclista recomendado,Comprueba el mapa y evita cruzar la zona de trabajos.,60,CYCLIST,bici-ocupacion,https://www.valencia.es/agenciabici/es/red-de-itinerarios-ciclistas,,2026-05-10T06:24:12.155699+00:00
443,222,OCUPACION,C/ CALAMOCHA,geoportal_valencia,occupacio_via_publica:260149701,ROUTE_CHANGE,Desvio ciclista recomendado,Comprueba el mapa y evita cruzar la zona de trabajos.,60,CYCLIST,bici-ocupacion,https://www.valencia.es/agenciabici/es/red-de-itinerarios-ciclistas,,2026-05-10T06:24:12.155699+00:00
445,223,OCUPACION,Sin titulo,geoportal_valencia,occupacio_via_publica:260147801,ROUTE_CHANGE,Desvio ciclista recomendado,Comprueba el mapa y evita cruzar la zona de trabajos.,60,CYCLIST,bici-ocupacion,https://www.valencia.es/agenciabici/es/red-de-itinerarios-ciclistas,,2026-05-10T06:24:12.155699+00:00
447,224,OCUPACION,Sin titulo,geoportal_valencia,occupacio_via_publica:260115802,ROUTE_CHANGE,Desvio ciclista recomendado,Comprueba el mapa y evita cruzar la zona de trabajos.,60,CYCLIST,bici-ocupacion,https://www.valencia.es/agenciabici/es/red-de-itinerarios-ciclistas,,2026-05-10T06:24:12.155699+00:00
449,225,OCUPACION,Sin titulo,geoportal_valencia,occupacio_via_publica:260148101,ROUTE_CHANGE,Desvio ciclista recomendado,Comprueba el mapa y evita cruzar la zona de trabajos.,60,CYCLIST,bici-ocupacion,https://www.valencia.es/agenciabici/es/red-de-itinerarios-ciclistas,,2026-05-10T06:24:12.155699+00:00
451,226,OCUPACION,Sin titulo,geoportal_valencia,occupacio_via_publica:260126004,ROUTE_CHANGE,Desvio ciclista recomendado,Comprueba el mapa y evita cruzar la zona de trabajos.,60,CYCLIST,bici-ocupacion,https://www.valencia.es/agenciabici/es/red-de-itinerarios-ciclistas,,2026-05-10T06:24:12.155699+00:00
453,227,OCUPACION,Sin titulo,geoportal_valencia,occupacio_via_publica:260148501,ROUTE_CHANGE,Desvio ciclista recomendado,Comprueba el mapa y evita cruzar la zona de trabajos.,60,CYCLIST,bici-ocupacion,https://www.valencia.es/agenciabici/es/red-de-itinerarios-ciclistas,,2026-05-10T06:24:12.155699+00:00
455,228,OCUPACION,Sin titulo,geoportal_valencia,occupacio_via_publica:260148401,ROUTE_CHANGE,Desvio ciclista recomendado,Comprueba el mapa y evita cruzar la zona de trabajos.,60,CYCLIST,bici-ocupacion,https://www.valencia.es/agenciabici/es/red-de-itinerarios-ciclistas,,2026-05-10T06:24:12.155699+00:00
457,229,OCUPACION,Sin titulo,geoportal_valencia,occupacio_via_publica:260148001,ROUTE_CHANGE,Desvio ciclista recomendado,Comprueba el mapa y evita cruzar la zona de trabajos.,60,CYCLIST,bici-ocupacion,https://www.valencia.es/agenciabici/es/red-de-itinerarios-ciclistas,,2026-05-10T06:24:12.155699+00:00
459,230,OCUPACION,Sin titulo,geoportal_valencia,occupacio_via_publica:260148601,ROUTE_CHANGE,Desvio ciclista recomendado,Comprueba el mapa y evita cruzar la zona de trabajos.,60,CYCLIST,bici-ocupacion,https://www.valencia.es/agenciabici/es/red-de-itinerarios-ciclistas,,2026-05-10T06:24:12.155699+00:00
461,231,OCUPACION,Sin titulo,geoportal_valencia,occupacio_via_publica:260148701,ROUTE_CHANGE,Desvio ciclista recomendado,Comprueba el mapa y evita cruzar la zona de trabajos.,60,CYCLIST,bici-ocupacion,https://www.valencia.es/agenciabici/es/red-de-itinerarios-ciclistas,,2026-05-10T06:24:12.155699+00:00
463,232,OCUPACION,Sin titulo,geoportal_valencia,occupacio_via_publica:260106404,ROUTE_CHANGE,Desvio ciclista recomendado,Comprueba el mapa y evita cruzar la zona de trabajos.,60,CYCLIST,bici-ocupacion,https://www.valencia.es/agenciabici/es/red-de-itinerarios-ciclistas,,2026-05-10T06:24:12.155699+00:00
465,233,OCUPACION,Sin titulo,geoportal_valencia,occupacio_via_publica:260149501,ROUTE_CHANGE,Desvio ciclista recomendado,Comprueba el mapa y evita cruzar la zona de trabajos.,60,CYCLIST,bici-ocupacion,https://www.valencia.es/agenciabici/es/red-de-itinerarios-ciclistas,,2026-05-10T06:24:12.155699+00:00
467,234,OCUPACION,C/ COLÓN,geoportal_valencia,occupacio_via_publica:260115102,ROUTE_CHANGE,Desvio ciclista recomendado,Comprueba el mapa y evita cruzar la zona de trabajos.,60,CYCLIST,bici-ocupacion,https://www.valencia.es/agenciabici/es/red-de-itinerarios-ciclistas,,2026-05-10T06:24:12.155699+00:00
469,235,OCUPACION,Sin titulo,geoportal_valencia,occupacio_via_publica:260106403,ROUTE_CHANGE,Desvio ciclista recomendado,Comprueba el mapa y evita cruzar la zona de trabajos.,60,CYCLIST,bici-ocupacion,https://www.valencia.es/agenciabici/es/red-de-itinerarios-ciclistas,,2026-05-10T06:24:12.155699+00:00
471,236,OCUPACION,Sin titulo,geoportal_valencia,occupacio_via_publica:260116602,ROUTE_CHANGE,Desvio ciclista recomendado,Comprueba el mapa y evita cruzar la zona de trabajos.,60,CYCLIST,bici-ocupacion,https://www.valencia.es/agenciabici/es/red-de-itinerarios-ciclistas,,2026-05-10T06:24:12.155699+00:00
473,237,OCUPACION,C/ FARINA,geoportal_valencia,occupacio_via_publica:260151101,ROUTE_CHANGE,Desvio ciclista recomendado,Comprueba el mapa y evita cruzar la zona de trabajos.,60,CYCLIST,bici-ocupacion,https://www.valencia.es/agenciabici/es/red-de-itinerarios-ciclistas,,2026-05-10T06:24:12.155699+00:00
475,238,OCUPACION,Sin titulo,geoportal_valencia,occupacio_via_publica:260134102,ROUTE_CHANGE,Desvio ciclista recomendado,Comprueba el mapa y evita cruzar la zona de trabajos.,60,CYCLIST,bici-ocupacion,https://www.valencia.es/agenciabici/es/red-de-itinerarios-ciclistas,,2026-05-10T06:24:12.155699+00:00
477,239,OCUPACION,Sin titulo,geoportal_valencia,occupacio_via_publica:260139504,ROUTE_CHANGE,Desvio ciclista recomendado,Comprueba el mapa y evita cruzar la zona de trabajos.,60,CYCLIST,bici-ocupacion,https://www.valencia.es/agenciabici/es/red-de-itinerarios-ciclistas,,2026-05-10T06:24:12.155699+00:00
479,240,OCUPACION,Sin titulo,geoportal_valencia,occupacio_via_publica:260141002,ROUTE_CHANGE,Desvio ciclista recomendado,Comprueba el mapa y evita cruzar la zona de trabajos.,60,CYCLIST,bici-ocupacion,https://www.valencia.es/agenciabici/es/red-de-itinerarios-ciclistas,,2026-05-10T06:24:12.155699+00:00
481,241,OCUPACION,C/ LLIMERA,geoportal_valencia,occupacio_via_publica:260151102,ROUTE_CHANGE,Desvio ciclista recomendado,Comprueba el mapa y evita cruzar la zona de trabajos.,60,CYCLIST,bici-ocupacion,https://www.valencia.es/agenciabici/es/red-de-itinerarios-ciclistas,,2026-05-10T06:24:12.155699+00:00
483,242,OCUPACION,Sin titulo,geoportal_valencia,occupacio_via_publica:260141001,ROUTE_CHANGE,Desvio ciclista recomendado,Comprueba el mapa y evita cruzar la zona de trabajos.,60,CYCLIST,bici-ocupacion,https://www.valencia.es/agenciabici/es/red-de-itinerarios-ciclistas,,2026-05-10T06:24:12.155699+00:00
485,243,OCUPACION,Sin titulo,geoportal_valencia,occupacio_via_publica:260130402,ROUTE_CHANGE,Desvio ciclista recomendado,Comprueba el mapa y evita cruzar la zona de trabajos.,60,CYCLIST,bici-ocupacion,https://www.valencia.es/agenciabici/es/red-de-itinerarios-ciclistas,,2026-05-10T06:24:12.155699+00:00
487,244,OCUPACION,Sin titulo,geoportal_valencia,occupacio_via_publica:260130504,ROUTE_CHANGE,Desvio ciclista recomendado,Comprueba el mapa y evita cruzar la zona de trabajos.,60,CYCLIST,bici-ocupacion,https://www.valencia.es/agenciabici/es/red-de-itinerarios-ciclistas,,2026-05-10T06:24:12.155699+00:00
489,245,OCUPACION,Sin titulo,geoportal_valencia,occupacio_via_publica:260141102,ROUTE_CHANGE,Desvio ciclista recomendado,Comprueba el mapa y evita cruzar la zona de trabajos.,60,CYCLIST,bici-ocupacion,https://www.valencia.es/agenciabici/es/red-de-itinerarios-ciclistas,,2026-05-10T06:24:12.155699+00:00
491,246,OCUPACION,Sin titulo,geoportal_valencia,occupacio_via_publica:260130303,ROUTE_CHANGE,Desvio ciclista recomendado,Comprueba el mapa y evita cruzar la zona de trabajos.,60,CYCLIST,bici-ocupacion,https://www.valencia.es/agenciabici/es/red-de-itinerarios-ciclistas,,2026-05-10T06:24:12.155699+00:00
493,247,OCUPACION,Sin titulo,geoportal_valencia,occupacio_via_publica:260044008,ROUTE_CHANGE,Desvio ciclista recomendado,Comprueba el mapa y evita cruzar la zona de trabajos.,60,CYCLIST,bici-ocupacion,https://www.valencia.es/agenciabici/es/red-de-itinerarios-ciclistas,,2026-05-10T06:24:12.155699+00:00
495,248,OCUPACION,Sin titulo,geoportal_valencia,occupacio_via_publica:260130505,ROUTE_CHANGE,Desvio ciclista recomendado,Comprueba el mapa y evita cruzar la zona de trabajos.,60,CYCLIST,bici-ocupacion,https://www.valencia.es/agenciabici/es/red-de-itinerarios-ciclistas,,2026-05-10T06:24:12.155699+00:00
497,249,OCUPACION,Sin titulo,geoportal_valencia,occupacio_via_publica:260143502,ROUTE_CHANGE,Desvio ciclista recomendado,Comprueba el mapa y evita cruzar la zona de trabajos.,60,CYCLIST,bici-ocupacion,https://www.valencia.es/agenciabici/es/red-de-itinerarios-ciclistas,,2026-05-10T06:24:12.155699+00:00
499,250,OCUPACION,Sin titulo,geoportal_valencia,occupacio_via_publica:260136804,ROUTE_CHANGE,Desvio ciclista recomendado,Comprueba el mapa y evita cruzar la zona de trabajos.,60,CYCLIST,bici-ocupacion,https://www.valencia.es/agenciabici/es/red-de-itinerarios-ciclistas,,2026-05-10T06:24:12.155699+00:00
501,251,OCUPACION,C/ FRANCESC DE LLANO,geoportal_valencia,occupacio_via_publica:260095002,ROUTE_CHANGE,Desvio ciclista recomendado,Comprueba el mapa y evita cruzar la zona de trabajos.,60,CYCLIST,bici-ocupacion,https://www.valencia.es/agenciabici/es/red-de-itinerarios-ciclistas,,2026-05-10T06:24:12.155699+00:00
503,252,OCUPACION,Sin titulo,geoportal_valencia,occupacio_via_publica:260136701,ROUTE_CHANGE,Desvio ciclista recomendado,Comprueba el mapa y evita cruzar la zona de trabajos.,60,CYCLIST,bici-ocupacion,https://www.valencia.es/agenciabici/es/red-de-itinerarios-ciclistas,,2026-05-10T06:24:12.155699+00:00
505,253,OCUPACION,Sin titulo,geoportal_valencia,occupacio_via_publica:260149301,ROUTE_CHANGE,Desvio ciclista recomendado,Comprueba el mapa y evita cruzar la zona de trabajos.,60,CYCLIST,bici-ocupacion,https://www.valencia.es/agenciabici/es/red-de-itinerarios-ciclistas,,2026-05-10T06:24:12.155699+00:00
507,664,OCUPACION,C/ BENETÚSSER,geoportal_valencia,occupacio_via_publica:395356,ROUTE_CHANGE,Desvio ciclista recomendado,Comprueba el mapa y evita cruzar la zona de trabajos.,60,CYCLIST,bici-ocupacion,https://www.valencia.es/agenciabici/es/red-de-itinerarios-ciclistas,,2026-05-17T10:22:03.177124+00:00
510,665,OCUPACION,C/ TORRES,geoportal_valencia,occupacio_via_publica:395695,ROUTE_CHANGE,Desvio ciclista recomendado,Comprueba el mapa y evita cruzar la zona de trabajos.,60,CYCLIST,bici-ocupacion,https://www.valencia.es/agenciabici/es/red-de-itinerarios-ciclistas,,2026-05-17T10:22:03.177124+00:00
513,666,OCUPACION,C/ PABLO MELÉNDEZ,geoportal_valencia,occupacio_via_publica:395949,ROUTE_CHANGE,Desvio ciclista recomendado,Comprueba el mapa y evita cruzar la zona de trabajos.,60,CYCLIST,bici-ocupacion,https://www.valencia.es/agenciabici/es/red-de-itinerarios-ciclistas,,2026-05-17T10:22:03.177124+00:00
516,667,OCUPACION,C/ JOSÉ GROLLO,geoportal_valencia,occupacio_via_publica:260147701,ROUTE_CHANGE,Desvio ciclista recomendado,Comprueba el mapa y evita cruzar la zona de trabajos.,60,CYCLIST,bici-ocupacion,https://www.valencia.es/agenciabici/es/red-de-itinerarios-ciclistas,,2026-05-17T10:22:03.177124+00:00
519,668,OCUPACION,C/ JOSEP BENLLIURE,geoportal_valencia,occupacio_via_publica:240298803,ROUTE_CHANGE,Desvio ciclista recomendado,Comprueba el mapa y evita cruzar la zona de trabajos.,60,CYCLIST,bici-ocupacion,https://www.valencia.es/agenciabici/es/red-de-itinerarios-ciclistas,,2026-05-17T10:22:03.177124+00:00
522,669,OCUPACION,C/ ESCALANTE,geoportal_valencia,occupacio_via_publica:240298804,ROUTE_CHANGE,Desvio ciclista recomendado,Comprueba el mapa y evita cruzar la zona de trabajos.,60,CYCLIST,bici-ocupacion,https://www.valencia.es/agenciabici/es/red-de-itinerarios-ciclistas,,2026-05-17T10:22:03.177124+00:00
525,670,OCUPACION,PL. CALABUIG,geoportal_valencia,occupacio_via_publica:260149401,ROUTE_CHANGE,Desvio ciclista recomendado,Comprueba el mapa y evita cruzar la zona de trabajos.,60,CYCLIST,bici-ocupacion,https://www.valencia.es/agenciabici/es/red-de-itinerarios-ciclistas,,2026-05-17T10:22:03.177124+00:00
528,671,OCUPACION,C/ LLAVADOR,geoportal_valencia,occupacio_via_publica:260151202,ROUTE_CHANGE,Desvio ciclista recomendado,Comprueba el mapa y evita cruzar la zona de trabajos.,60,CYCLIST,bici-ocupacion,https://www.valencia.es/agenciabici/es/red-de-itinerarios-ciclistas,,2026-05-17T10:22:03.177124+00:00
531,672,OCUPACION,C/ VICENT BLASCO GARCIA,geoportal_valencia,occupacio_via_publica:260151501,ROUTE_CHANGE,Desvio ciclista recomendado,Comprueba el mapa y evita cruzar la zona de trabajos.,60,CYCLIST,bici-ocupacion,https://www.valencia.es/agenciabici/es/red-de-itinerarios-ciclistas,,2026-05-17T10:22:03.177124+00:00
535,673,OCUPACION,C/ ASTÚRIES,geoportal_valencia,occupacio_via_publica:260150501,ROUTE_CHANGE,Desvio ciclista recomendado,Comprueba el mapa y evita cruzar la zona de trabajos.,60,CYCLIST,bici-ocupacion,https://www.valencia.es/agenciabici/es/red-de-itinerarios-ciclistas,,2026-05-17T10:22:03.177124+00:00
539,674,OCUPACION,C/ FRANCESC EIXIMENIS,geoportal_valencia,occupacio_via_publica:260151201,ROUTE_CHANGE,Desvio ciclista recomendado,Comprueba el mapa y evita cruzar la zona de trabajos.,60,CYCLIST,bici-ocupacion,https://www.valencia.es/agenciabici/es/red-de-itinerarios-ciclistas,,2026-05-17T10:22:03.177124+00:00
542,675,OCUPACION,PL. BARÓ DE CORTES,geoportal_valencia,occupacio_via_publica:260153201,ROUTE_CHANGE,Desvio ciclista recomendado,Comprueba el mapa y evita cruzar la zona de trabajos.,60,CYCLIST,bici-ocupacion,https://www.valencia.es/agenciabici/es/red-de-itinerarios-ciclistas,,2026-05-17T10:22:03.177124+00:00
545,676,OCUPACION,AV. BURJASSOT,geoportal_valencia,occupacio_via_publica:260142601,ROUTE_CHANGE,Desvio ciclista recomendado,Comprueba el mapa y evita cruzar la zona de trabajos.,60,CYCLIST,bici-ocupacion,https://www.valencia.es/agenciabici/es/red-de-itinerarios-ciclistas,,2026-05-17T10:22:03.177124+00:00
549,677,OCUPACION,C/ LITERAT GABRIEL MIRÓ,geoportal_valencia,occupacio_via_publica:260152401,ROUTE_CHANGE,Desvio ciclista recomendado,Comprueba el mapa y evita cruzar la zona de trabajos.,60,CYCLIST,bici-ocupacion,https://www.valencia.es/agenciabici/es/red-de-itinerarios-ciclistas,,2026-05-17T10:22:03.177124+00:00
553,678,OCUPACION,C/ SANT VICENT MÀRTIR,geoportal_valencia,occupacio_via_publica:260152701,ROUTE_CHANGE,Desvio ciclista recomendado,Comprueba el mapa y evita cruzar la zona de trabajos.,60,CYCLIST,bici-ocupacion,https://www.valencia.es/agenciabici/es/red-de-itinerarios-ciclistas,,2026-05-17T10:22:03.177124+00:00
556,679,OCUPACION,AV. CAMPANAR,geoportal_valencia,occupacio_via_publica:260154601,ROUTE_CHANGE,Desvio ciclista recomendado,Comprueba el mapa y evita cruzar la zona de trabajos.,60,CYCLIST,bici-ocupacion,https://www.valencia.es/agenciabici/es/red-de-itinerarios-ciclistas,,2026-05-17T10:22:03.177124+00:00
559,680,OCUPACION,C/ FRANCESC BALDOMAR,geoportal_valencia,occupacio_via_publica:250016806,ROUTE_CHANGE,Desvio ciclista recomendado,Comprueba el mapa y evita cruzar la zona de trabajos.,60,CYCLIST,bici-ocupacion,https://www.valencia.es/agenciabici/es/red-de-itinerarios-ciclistas,,2026-05-17T10:22:03.177124+00:00
563,681,OCUPACION,C/ MESTRE ALBERTO LUZ,geoportal_valencia,occupacio_via_publica:260153801,ROUTE_CHANGE,Desvio ciclista recomendado,Comprueba el mapa y evita cruzar la zona de trabajos.,60,CYCLIST,bici-ocupacion,https://www.valencia.es/agenciabici/es/red-de-itinerarios-ciclistas,,2026-05-17T10:22:03.177124+00:00
566,682,OCUPACION,C/ JESÚS,geoportal_valencia,occupacio_via_publica:260152901,ROUTE_CHANGE,Desvio ciclista recomendado,Comprueba el mapa y evita cruzar la zona de trabajos.,60,CYCLIST,bici-ocupacion,https://www.valencia.es/agenciabici/es/red-de-itinerarios-ciclistas,,2026-05-17T10:22:03.177124+00:00
570,683,OCUPACION,C/ FRANCESC BALDOMAR,geoportal_valencia,occupacio_via_publica:250016805,ROUTE_CHANGE,Desvio ciclista recomendado,Comprueba el mapa y evita cruzar la zona de trabajos.,60,CYCLIST,bici-ocupacion,https://www.valencia.es/agenciabici/es/red-de-itinerarios-ciclistas,,2026-05-17T10:22:03.177124+00:00
574,684,OCUPACION,C/ SANTA MARIA MICAELA,geoportal_valencia,occupacio_via_publica:260152402,ROUTE_CHANGE,Desvio ciclista recomendado,Comprueba el mapa y evita cruzar la zona de trabajos.,60,CYCLIST,bici-ocupacion,https://www.valencia.es/agenciabici/es/red-de-itinerarios-ciclistas,,2026-05-17T10:22:03.177124+00:00
578,685,OCUPACION,C/ SUECA,geoportal_valencia,occupacio_via_publica:260155201,ROUTE_CHANGE,Desvio ciclista recomendado,Comprueba el mapa y evita cruzar la zona de trabajos.,60,CYCLIST,bici-ocupacion,https://www.valencia.es/agenciabici/es/red-de-itinerarios-ciclistas,,2026-05-17T10:22:03.177124+00:00
581,686,OCUPACION,C/ GIMÉNEZ I COSTA,geoportal_valencia,occupacio_via_publica:260157101,ROUTE_CHANGE,Desvio ciclista recomendado,Comprueba el mapa y evita cruzar la zona de trabajos.,60,CYCLIST,bici-ocupacion,https://www.valencia.es/agenciabici/es/red-de-itinerarios-ciclistas,,2026-05-17T10:22:03.177124+00:00
584,687,OCUPACION,C/ ALACANT,geoportal_valencia,occupacio_via_publica:260136903,ROUTE_CHANGE,Desvio ciclista recomendado,Comprueba el mapa y evita cruzar la zona de trabajos.,60,CYCLIST,bici-ocupacion,https://www.valencia.es/agenciabici/es/red-de-itinerarios-ciclistas,,2026-05-17T10:22:03.177124+00:00
587,688,OCUPACION,C/ JERÓNIMA GALÉS (IMPRESSORA),geoportal_valencia,occupacio_via_publica:260156201,ROUTE_CHANGE,Desvio ciclista recomendado,Comprueba el mapa y evita cruzar la zona de trabajos.,60,CYCLIST,bici-ocupacion,https://www.valencia.es/agenciabici/es/red-de-itinerarios-ciclistas,,2026-05-17T10:22:03.177124+00:00
591,689,OCUPACION,C/ ALGAR DE PALÀNCIA,geoportal_valencia,occupacio_via_publica:250085839,ROUTE_CHANGE,Desvio ciclista recomendado,Comprueba el mapa y evita cruzar la zona de trabajos.,60,CYCLIST,bici-ocupacion,https://www.valencia.es/agenciabici/es/red-de-itinerarios-ciclistas,,2026-05-17T10:22:03.177124+00:00
594,690,OCUPACION,C/ AVELLANES,geoportal_valencia,occupacio_via_publica:260155001,ROUTE_CHANGE,Desvio ciclista recomendado,Comprueba el mapa y evita cruzar la zona de trabajos.,60,CYCLIST,bici-ocupacion,https://www.valencia.es/agenciabici/es/red-de-itinerarios-ciclistas,,2026-05-17T10:22:03.177124+00:00
598,691,OCUPACION,C/ SANTA MARIA MICAELA,geoportal_valencia,occupacio_via_publica:260152403,ROUTE_CHANGE,Desvio ciclista recomendado,Comprueba el mapa y evita cruzar la zona de trabajos.,60,CYCLIST,bici-ocupacion,https://www.valencia.es/agenciabici/es/red-de-itinerarios-ciclistas,,2026-05-17T10:22:03.177124+00:00
602,692,OCUPACION,AV. REAL DE MADRID,geoportal_valencia,occupacio_via_publica:250085838,ROUTE_CHANGE,Desvio ciclista recomendado,Comprueba el mapa y evita cruzar la zona de trabajos.,60,CYCLIST,bici-ocupacion,https://www.valencia.es/agenciabici/es/red-de-itinerarios-ciclistas,,2026-05-17T10:22:03.177124+00:00
605,693,OCUPACION,C/ SALAMANCA,geoportal_valencia,occupacio_via_publica:260155801,ROUTE_CHANGE,Desvio ciclista recomendado,Comprueba el mapa y evita cruzar la zona de trabajos.,60,CYCLIST,bici-ocupacion,https://www.valencia.es/agenciabici/es/red-de-itinerarios-ciclistas,,2026-05-17T10:22:03.177124+00:00
608,694,OCUPACION,SENDA. AIRE,geoportal_valencia,occupacio_via_publica:260157701,ROUTE_CHANGE,Desvio ciclista recomendado,Comprueba el mapa y evita cruzar la zona de trabajos.,60,CYCLIST,bici-ocupacion,https://www.valencia.es/agenciabici/es/red-de-itinerarios-ciclistas,,2026-05-17T10:22:03.177124+00:00
611,695,OCUPACION,C/ FÈLIX PIZCUETA,geoportal_valencia,occupacio_via_publica:260155301,ROUTE_CHANGE,Desvio ciclista recomendado,Comprueba el mapa y evita cruzar la zona de trabajos.,60,CYCLIST,bici-ocupacion,https://www.valencia.es/agenciabici/es/red-de-itinerarios-ciclistas,,2026-05-17T10:22:03.177124+00:00
614,696,OCUPACION,C/ CANONGE ROCAFULL,geoportal_valencia,occupacio_via_publica:260128805,ROUTE_CHANGE,Desvio ciclista recomendado,Comprueba el mapa y evita cruzar la zona de trabajos.,60,CYCLIST,bici-ocupacion,https://www.valencia.es/agenciabici/es/red-de-itinerarios-ciclistas,,2026-05-17T10:22:03.177124+00:00
617,697,OCUPACION,C/ MESTRE SOSA,geoportal_valencia,occupacio_via_publica:260157601,ROUTE_CHANGE,Desvio ciclista recomendado,Comprueba el mapa y evita cruzar la zona de trabajos.,60,CYCLIST,bici-ocupacion,https://www.valencia.es/agenciabici/es/red-de-itinerarios-ciclistas,,2026-05-17T10:22:03.177124+00:00
621,698,OCUPACION,C/ FRANCESC DE LLANO,geoportal_valencia,occupacio_via_publica:260095003,ROUTE_CHANGE,Desvio ciclista recomendado,Comprueba el mapa y evita cruzar la zona de trabajos.,60,CYCLIST,bici-ocupacion,https://www.valencia.es/agenciabici/es/red-de-itinerarios-ciclistas,,2026-05-17T10:22:03.177124+00:00
625,699,OCUPACION,AV. PORT,geoportal_valencia,occupacio_via_publica:260128806,ROUTE_CHANGE,Desvio ciclista recomendado,Comprueba el mapa y evita cruzar la zona de trabajos.,60,CYCLIST,bici-ocupacion,https://www.valencia.es/agenciabici/es/red-de-itinerarios-ciclistas,,2026-05-17T10:22:03.177124+00:00
628,700,OCUPACION,C/ SANTANDER,geoportal_valencia,occupacio_via_publica:260156202,ROUTE_CHANGE,Desvio ciclista recomendado,Comprueba el mapa y evita cruzar la zona de trabajos.,60,CYCLIST,bici-ocupacion,https://www.valencia.es/agenciabici/es/red-de-itinerarios-ciclistas,,2026-05-17T10:22:03.177124+00:00
632,701,OCUPACION,AV. TRES CREUS,geoportal_valencia,occupacio_via_publica:260106304,ROUTE_CHANGE,Desvio ciclista recomendado,Comprueba el mapa y evita cruzar la zona de trabajos.,60,CYCLIST,bici-ocupacion,https://www.valencia.es/agenciabici/es/red-de-itinerarios-ciclistas,,2026-05-17T10:22:03.177124+00:00
636,702,OCUPACION,C/ LITERAT GABRIEL MIRÓ,geoportal_valencia,occupacio_via_publica:260152404,ROUTE_CHANGE,Desvio ciclista recomendado,Comprueba el mapa y evita cruzar la zona de trabajos.,60,CYCLIST,bici-ocupacion,https://www.valencia.es/agenciabici/es/red-de-itinerarios-ciclistas,,2026-05-17T10:22:03.177124+00:00
640,703,OCUPACION,C/ NA VARDERA,geoportal_valencia,occupacio_via_publica:260128804,ROUTE_CHANGE,Desvio ciclista recomendado,Comprueba el mapa y evita cruzar la zona de trabajos.,60,CYCLIST,bici-ocupacion,https://www.valencia.es/agenciabici/es/red-de-itinerarios-ciclistas,,2026-05-17T10:22:03.177124+00:00
643,704,OCUPACION,AV. PERIS I VALERO,geoportal_valencia,occupacio_via_publica:260140303,ROUTE_CHANGE,Desvio ciclista recomendado,Comprueba el mapa y evita cruzar la zona de trabajos.,60,CYCLIST,bici-ocupacion,https://www.valencia.es/agenciabici/es/red-de-itinerarios-ciclistas,,2026-05-17T10:22:03.177124+00:00
646,705,OCUPACION,AV. FERNANDO ABRIL MARTORELL,geoportal_valencia,occupacio_via_publica:260148502,ROUTE_CHANGE,Desvio ciclista recomendado,Comprueba el mapa y evita cruzar la zona de trabajos.,60,CYCLIST,bici-ocupacion,https://www.valencia.es/agenciabici/es/red-de-itinerarios-ciclistas,,2026-05-17T10:22:03.177124+00:00
649,706,OCUPACION,C/ JACA,geoportal_valencia,occupacio_via_publica:260156501,ROUTE_CHANGE,Desvio ciclista recomendado,Comprueba el mapa y evita cruzar la zona de trabajos.,60,CYCLIST,bici-ocupacion,https://www.valencia.es/agenciabici/es/red-de-itinerarios-ciclistas,,2026-05-17T10:22:03.177124+00:00
653,707,OCUPACION,C/ FINESTRAT,geoportal_valencia,occupacio_via_publica:260157501,ROUTE_CHANGE,Desvio ciclista recomendado,Comprueba el mapa y evita cruzar la zona de trabajos.,60,CYCLIST,bici-ocupacion,https://www.valencia.es/agenciabici/es/red-de-itinerarios-ciclistas,,2026-05-17T10:22:03.177124+00:00
656,708,OCUPACION,C/ FLORISTA,geoportal_valencia,occupacio_via_publica:260157901,ROUTE_CHANGE,Desvio ciclista recomendado,Comprueba el mapa y evita cruzar la zona de trabajos.,60,CYCLIST,bici-ocupacion,https://www.valencia.es/agenciabici/es/red-de-itinerarios-ciclistas,,2026-05-17T10:22:03.177124+00:00
659,709,OCUPACION,EP JOSE ROCA COLL (PIANISTA),geoportal_valencia,occupacio_via_publica:250987208,ROUTE_CHANGE,Desvio ciclista recomendado,Comprueba el mapa y evita cruzar la zona de trabajos.,60,CYCLIST,bici-ocupacion,https://www.valencia.es/agenciabici/es/red-de-itinerarios-ciclistas,,2026-05-17T10:22:03.177124+00:00
663,710,OCUPACION,C/ CRISTINA PIRIS LÓPEZ-DORIGA  (SINDICALISTA i FUNDADORA DE CA REVOLTA),geoportal_valencia,occupacio_via_publica:250987207,ROUTE_CHANGE,Desvio ciclista recomendado,Comprueba el mapa y evita cruzar la zona de trabajos.,60,CYCLIST,bici-ocupacion,https://www.valencia.es/agenciabici/es/red-de-itinerarios-ciclistas,,2026-05-17T10:22:03.177124+00:00
667,711,OCUPACION,PL. PINTOR ANDREU,geoportal_valencia,occupacio_via_publica:260157801,ROUTE_CHANGE,Desvio ciclista recomendado,Comprueba el mapa y evita cruzar la zona de trabajos.,60,CYCLIST,bici-ocupacion,https://www.valencia.es/agenciabici/es/red-de-itinerarios-ciclistas,,2026-05-17T10:22:03.177124+00:00
670,712,OCUPACION,C/ TRES FORQUES,geoportal_valencia,occupacio_via_publica:260141103,ROUTE_CHANGE,Desvio ciclista recomendado,Comprueba el mapa y evita cruzar la zona de trabajos.,60,CYCLIST,bici-ocupacion,https://www.valencia.es/agenciabici/es/red-de-itinerarios-ciclistas,,2026-05-17T10:22:03.177124+00:00
673,713,OCUPACION,AV. JESÚS MORANTE BORRÁS,geoportal_valencia,occupacio_via_publica:260131104,ROUTE_CHANGE,Desvio ciclista recomendado,Comprueba el mapa y evita cruzar la zona de trabajos.,60,CYCLIST,bici-ocupacion,https://www.valencia.es/agenciabici/es/red-de-itinerarios-ciclistas,,2026-05-17T10:22:03.177124+00:00
676,714,OCUPACION,C/ ANTONIO SACRAMENTO (ESCULTOR),geoportal_valencia,occupacio_via_publica:260158101,ROUTE_CHANGE,Desvio ciclista recomendado,Comprueba el mapa y evita cruzar la zona de trabajos.,60,CYCLIST,bici-ocupacion,https://www.valencia.es/agenciabici/es/red-de-itinerarios-ciclistas,,2026-05-17T10:22:03.177124+00:00
679,715,OCUPACION,C/ VICENT BRULL,geoportal_valencia,occupacio_via_publica:260159201,ROUTE_CHANGE,Desvio ciclista recomendado,Comprueba el mapa y evita cruzar la zona de trabajos.,60,CYCLIST,bici-ocupacion,https://www.valencia.es/agenciabici/es/red-de-itinerarios-ciclistas,,2026-05-17T10:22:03.177124+00:00
682,716,OCUPACION,C/ RIBERA,geoportal_valencia,occupacio_via_publica:260159402,ROUTE_CHANGE,Desvio ciclista recomendado,Comprueba el mapa y evita cruzar la zona de trabajos.,60,CYCLIST,bici-ocupacion,https://www.valencia.es/agenciabici/es/red-de-itinerarios-ciclistas,,2026-05-17T10:22:03.177124+00:00
685,717,OCUPACION,C/ RIU JILOCA,geoportal_valencia,occupacio_via_publica:250599219,ROUTE_CHANGE,Desvio ciclista recomendado,Comprueba el mapa y evita cruzar la zona de trabajos.,60,CYCLIST,bici-ocupacion,https://www.valencia.es/agenciabici/es/red-de-itinerarios-ciclistas,,2026-05-17T10:22:03.177124+00:00
688,718,OCUPACION,AV. PORT,geoportal_valencia,occupacio_via_publica:260159801,ROUTE_CHANGE,Desvio ciclista recomendado,Comprueba el mapa y evita cruzar la zona de trabajos.,60,CYCLIST,bici-ocupacion,https://www.valencia.es/agenciabici/es/red-de-itinerarios-ciclistas,,2026-05-17T10:22:03.177124+00:00
691,719,OCUPACION,C/ RIBERA,geoportal_valencia,occupacio_via_publica:260159401,ROUTE_CHANGE,Desvio ciclista recomendado,Comprueba el mapa y evita cruzar la zona de trabajos.,60,CYCLIST,bici-ocupacion,https://www.valencia.es/agenciabici/es/red-de-itinerarios-ciclistas,,2026-05-17T10:22:03.177124+00:00
695,720,OCUPACION,C/ VINARÒS,geoportal_valencia,occupacio_via_publica:260127103,ROUTE_CHANGE,Desvio ciclista recomendado,Comprueba el mapa y evita cruzar la zona de trabajos.,60,CYCLIST,bici-ocupacion,https://www.valencia.es/agenciabici/es/red-de-itinerarios-ciclistas,,2026-05-17T10:22:03.177124+00:00
698,721,OCUPACION,C/ LLUÍS LAMARCA,geoportal_valencia,occupacio_via_publica:260158801,ROUTE_CHANGE,Desvio ciclista recomendado,Comprueba el mapa y evita cruzar la zona de trabajos.,60,CYCLIST,bici-ocupacion,https://www.valencia.es/agenciabici/es/red-de-itinerarios-ciclistas,,2026-05-17T10:22:03.177124+00:00
701,722,OCUPACION,C/ GRAN CANÀRIA,geoportal_valencia,occupacio_via_publica:250599217,ROUTE_CHANGE,Desvio ciclista recomendado,Comprueba el mapa y evita cruzar la zona de trabajos.,60,CYCLIST,bici-ocupacion,https://www.valencia.es/agenciabici/es/red-de-itinerarios-ciclistas,,2026-05-17T10:22:03.177124+00:00
705,723,OCUPACION,C/ ÀNGELS,geoportal_valencia,occupacio_via_publica:260159101,ROUTE_CHANGE,Desvio ciclista recomendado,Comprueba el mapa y evita cruzar la zona de trabajos.,60,CYCLIST,bici-ocupacion,https://www.valencia.es/agenciabici/es/red-de-itinerarios-ciclistas,,2026-05-17T10:22:03.177124+00:00
708,724,OCUPACION,C/ CONVENT DE JERUSALEM,geoportal_valencia,occupacio_via_publica:260158901,ROUTE_CHANGE,Desvio ciclista recomendado,Comprueba el mapa y evita cruzar la zona de trabajos.,60,CYCLIST,bici-ocupacion,https://www.valencia.es/agenciabici/es/red-de-itinerarios-ciclistas,,2026-05-17T10:22:03.177124+00:00
711,725,OCUPACION,C/ MENDIZÁBAL,geoportal_valencia,occupacio_via_publica:250599218,ROUTE_CHANGE,Desvio ciclista recomendado,Comprueba el mapa y evita cruzar la zona de trabajos.,60,CYCLIST,bici-ocupacion,https://www.valencia.es/agenciabici/es/red-de-itinerarios-ciclistas,,2026-05-17T10:22:03.177124+00:00
714,726,OCUPACION,C/ COLÓN,geoportal_valencia,occupacio_via_publica:260146602,ROUTE_CHANGE,Desvio ciclista recomendado,Comprueba el mapa y evita cruzar la zona de trabajos.,60,CYCLIST,bici-ocupacion,https://www.valencia.es/agenciabici/es/red-de-itinerarios-ciclistas,,2026-05-17T10:22:03.177124+00:00
717,727,OCUPACION,C/ MATIES PERELLÓ,geoportal_valencia,occupacio_via_publica:260143102,ROUTE_CHANGE,Desvio ciclista recomendado,Comprueba el mapa y evita cruzar la zona de trabajos.,60,CYCLIST,bici-ocupacion,https://www.valencia.es/agenciabici/es/red-de-itinerarios-ciclistas,,2026-05-17T10:22:03.177124+00:00
720,728,OCUPACION,C/ TORN DE L'HOSPITAL,geoportal_valencia,occupacio_via_publica:260136805,ROUTE_CHANGE,Desvio ciclista recomendado,Comprueba el mapa y evita cruzar la zona de trabajos.,60,CYCLIST,bici-ocupacion,https://www.valencia.es/agenciabici/es/red-de-itinerarios-ciclistas,,2026-05-17T10:22:03.177124+00:00
723,729,OCUPACION,C/ FONT ROJA,geoportal_valencia,occupacio_via_publica:260147302,ROUTE_CHANGE,Desvio ciclista recomendado,Comprueba el mapa y evita cruzar la zona de trabajos.,60,CYCLIST,bici-ocupacion,https://www.valencia.es/agenciabici/es/red-de-itinerarios-ciclistas,,2026-05-17T10:22:03.177124+00:00
726,730,OCUPACION,C/ EUGÈNIA VIÑES,geoportal_valencia,occupacio_via_publica:260147802,ROUTE_CHANGE,Desvio ciclista recomendado,Comprueba el mapa y evita cruzar la zona de trabajos.,60,CYCLIST,bici-ocupacion,https://www.valencia.es/agenciabici/es/red-de-itinerarios-ciclistas,,2026-05-17T10:22:03.177124+00:00
729,731,OCUPACION,C/ JUAN DE MENA,geoportal_valencia,occupacio_via_publica:250996221,ROUTE_CHANGE,Desvio ciclista recomendado,Comprueba el mapa y evita cruzar la zona de trabajos.,60,CYCLIST,bici-ocupacion,https://www.valencia.es/agenciabici/es/red-de-itinerarios-ciclistas,,2026-05-17T10:22:03.177124+00:00
733,732,OCUPACION,AV. PRIMAT REIG,geoportal_valencia,occupacio_via_publica:260161701,ROUTE_CHANGE,Desvio ciclista recomendado,Comprueba el mapa y evita cruzar la zona de trabajos.,60,CYCLIST,bici-ocupacion,https://www.valencia.es/agenciabici/es/red-de-itinerarios-ciclistas,,2026-05-17T10:22:03.177124+00:00
737,733,OCUPACION,AV. FERNANDO ABRIL MARTORELL,geoportal_valencia,occupacio_via_publica:250099701,ROUTE_CHANGE,Desvio ciclista recomendado,Comprueba el mapa y evita cruzar la zona de trabajos.,60,CYCLIST,bici-ocupacion,https://www.valencia.es/agenciabici/es/red-de-itinerarios-ciclistas,,2026-05-17T10:22:03.177124+00:00
741,734,OCUPACION,C/ ILLA FORMENTERA,geoportal_valencia,occupacio_via_publica:260105402,ROUTE_CHANGE,Desvio ciclista recomendado,Comprueba el mapa y evita cruzar la zona de trabajos.,60,CYCLIST,bici-ocupacion,https://www.valencia.es/agenciabici/es/red-de-itinerarios-ciclistas,,2026-05-17T10:22:03.177124+00:00
745,735,OCUPACION,C/ ALBACETE,geoportal_valencia,occupacio_via_publica:260140902,ROUTE_CHANGE,Desvio ciclista recomendado,Comprueba el mapa y evita cruzar la zona de trabajos.,60,CYCLIST,bici-ocupacion,https://www.valencia.es/agenciabici/es/red-de-itinerarios-ciclistas,,2026-05-17T10:22:03.177124+00:00
748,736,OCUPACION,C/ POETA MARAGALL,geoportal_valencia,occupacio_via_publica:260098503,ROUTE_CHANGE,Desvio ciclista recomendado,Comprueba el mapa y evita cruzar la zona de trabajos.,60,CYCLIST,bici-ocupacion,https://www.valencia.es/agenciabici/es/red-de-itinerarios-ciclistas,,2026-05-17T10:22:03.177124+00:00
752,737,OCUPACION,C/ SANT JOAN DE LA PENYA,geoportal_valencia,occupacio_via_publica:260148102,ROUTE_CHANGE,Desvio ciclista recomendado,Comprueba el mapa y evita cruzar la zona de trabajos.,60,CYCLIST,bici-ocupacion,https://www.valencia.es/agenciabici/es/red-de-itinerarios-ciclistas,,2026-05-17T10:22:03.177124+00:00
755,738,OCUPACION,C/ ALZIRA,geoportal_valencia,occupacio_via_publica:260117203,ROUTE_CHANGE,Desvio ciclista recomendado,Comprueba el mapa y evita cruzar la zona de trabajos.,60,CYCLIST,bici-ocupacion,https://www.valencia.es/agenciabici/es/red-de-itinerarios-ciclistas,,2026-05-17T10:22:03.177124+00:00
759,739,OCUPACION,AV. GIORGETA,geoportal_valencia,occupacio_via_publica:260163901,ROUTE_CHANGE,Desvio ciclista recomendado,Comprueba el mapa y evita cruzar la zona de trabajos.,60,CYCLIST,bici-ocupacion,https://www.valencia.es/agenciabici/es/red-de-itinerarios-ciclistas,,2026-05-17T10:22:03.177124+00:00
762,740,OCUPACION,C/ BILBAO,geoportal_valencia,occupacio_via_publica:260151002,ROUTE_CHANGE,Desvio ciclista recomendado,Comprueba el mapa y evita cruzar la zona de trabajos.,60,CYCLIST,bici-ocupacion,https://www.valencia.es/agenciabici/es/red-de-itinerarios-ciclistas,,2026-05-17T10:22:03.177124+00:00
508,664,OCUPACION,C/ BENETÚSSER,geoportal_valencia,occupacio_via_publica:395356,ADMIN_TASK,"Gestion municipal de carga, descarga o acceso comercial","Si la ocupacion afecta a carga, descarga o acceso comercial, revisa la gestion municipal aplicable y confirma requisitos en la Sede.",50,COMMERCIAL,comercio-ocupacion,https://sede.valencia.es/sede/registro/procedimiento/TR.AR.45?lang=1,,2026-05-17T10:22:03.177124+00:00
511,665,OCUPACION,C/ TORRES,geoportal_valencia,occupacio_via_publica:395695,ADMIN_TASK,"Gestion municipal de carga, descarga o acceso comercial","Si la ocupacion afecta a carga, descarga o acceso comercial, revisa la gestion municipal aplicable y confirma requisitos en la Sede.",50,COMMERCIAL,comercio-ocupacion,https://sede.valencia.es/sede/registro/procedimiento/TR.AR.45?lang=1,,2026-05-17T10:22:03.177124+00:00
514,666,OCUPACION,C/ PABLO MELÉNDEZ,geoportal_valencia,occupacio_via_publica:395949,ADMIN_TASK,"Gestion municipal de carga, descarga o acceso comercial","Si la ocupacion afecta a carga, descarga o acceso comercial, revisa la gestion municipal aplicable y confirma requisitos en la Sede.",50,COMMERCIAL,comercio-ocupacion,https://sede.valencia.es/sede/registro/procedimiento/TR.AR.45?lang=1,,2026-05-17T10:22:03.177124+00:00
517,667,OCUPACION,C/ JOSÉ GROLLO,geoportal_valencia,occupacio_via_publica:260147701,ADMIN_TASK,"Gestion municipal de carga, descarga o acceso comercial","Si la ocupacion afecta a carga, descarga o acceso comercial, revisa la gestion municipal aplicable y confirma requisitos en la Sede.",50,COMMERCIAL,comercio-ocupacion,https://sede.valencia.es/sede/registro/procedimiento/TR.AR.45?lang=1,,2026-05-17T10:22:03.177124+00:00
520,668,OCUPACION,C/ JOSEP BENLLIURE,geoportal_valencia,occupacio_via_publica:240298803,ADMIN_TASK,"Gestion municipal de carga, descarga o acceso comercial","Si la ocupacion afecta a carga, descarga o acceso comercial, revisa la gestion municipal aplicable y confirma requisitos en la Sede.",50,COMMERCIAL,comercio-ocupacion,https://sede.valencia.es/sede/registro/procedimiento/TR.AR.45?lang=1,,2026-05-17T10:22:03.177124+00:00
523,669,OCUPACION,C/ ESCALANTE,geoportal_valencia,occupacio_via_publica:240298804,ADMIN_TASK,"Gestion municipal de carga, descarga o acceso comercial","Si la ocupacion afecta a carga, descarga o acceso comercial, revisa la gestion municipal aplicable y confirma requisitos en la Sede.",50,COMMERCIAL,comercio-ocupacion,https://sede.valencia.es/sede/registro/procedimiento/TR.AR.45?lang=1,,2026-05-17T10:22:03.177124+00:00
526,670,OCUPACION,PL. CALABUIG,geoportal_valencia,occupacio_via_publica:260149401,ADMIN_TASK,"Gestion municipal de carga, descarga o acceso comercial","Si la ocupacion afecta a carga, descarga o acceso comercial, revisa la gestion municipal aplicable y confirma requisitos en la Sede.",50,COMMERCIAL,comercio-ocupacion,https://sede.valencia.es/sede/registro/procedimiento/TR.AR.45?lang=1,,2026-05-17T10:22:03.177124+00:00
529,671,OCUPACION,C/ LLAVADOR,geoportal_valencia,occupacio_via_publica:260151202,ADMIN_TASK,"Gestion municipal de carga, descarga o acceso comercial","Si la ocupacion afecta a carga, descarga o acceso comercial, revisa la gestion municipal aplicable y confirma requisitos en la Sede.",50,COMMERCIAL,comercio-ocupacion,https://sede.valencia.es/sede/registro/procedimiento/TR.AR.45?lang=1,,2026-05-17T10:22:03.177124+00:00
532,672,OCUPACION,C/ VICENT BLASCO GARCIA,geoportal_valencia,occupacio_via_publica:260151501,ADMIN_TASK,"Gestion municipal de carga, descarga o acceso comercial","Si la ocupacion afecta a carga, descarga o acceso comercial, revisa la gestion municipal aplicable y confirma requisitos en la Sede.",50,COMMERCIAL,comercio-ocupacion,https://sede.valencia.es/sede/registro/procedimiento/TR.AR.45?lang=1,,2026-05-17T10:22:03.177124+00:00
536,673,OCUPACION,C/ ASTÚRIES,geoportal_valencia,occupacio_via_publica:260150501,ADMIN_TASK,"Gestion municipal de carga, descarga o acceso comercial","Si la ocupacion afecta a carga, descarga o acceso comercial, revisa la gestion municipal aplicable y confirma requisitos en la Sede.",50,COMMERCIAL,comercio-ocupacion,https://sede.valencia.es/sede/registro/procedimiento/TR.AR.45?lang=1,,2026-05-17T10:22:03.177124+00:00
540,674,OCUPACION,C/ FRANCESC EIXIMENIS,geoportal_valencia,occupacio_via_publica:260151201,ADMIN_TASK,"Gestion municipal de carga, descarga o acceso comercial","Si la ocupacion afecta a carga, descarga o acceso comercial, revisa la gestion municipal aplicable y confirma requisitos en la Sede.",50,COMMERCIAL,comercio-ocupacion,https://sede.valencia.es/sede/registro/procedimiento/TR.AR.45?lang=1,,2026-05-17T10:22:03.177124+00:00
543,675,OCUPACION,PL. BARÓ DE CORTES,geoportal_valencia,occupacio_via_publica:260153201,ADMIN_TASK,"Gestion municipal de carga, descarga o acceso comercial","Si la ocupacion afecta a carga, descarga o acceso comercial, revisa la gestion municipal aplicable y confirma requisitos en la Sede.",50,COMMERCIAL,comercio-ocupacion,https://sede.valencia.es/sede/registro/procedimiento/TR.AR.45?lang=1,,2026-05-17T10:22:03.177124+00:00
546,676,OCUPACION,AV. BURJASSOT,geoportal_valencia,occupacio_via_publica:260142601,ADMIN_TASK,"Gestion municipal de carga, descarga o acceso comercial","Si la ocupacion afecta a carga, descarga o acceso comercial, revisa la gestion municipal aplicable y confirma requisitos en la Sede.",50,COMMERCIAL,comercio-ocupacion,https://sede.valencia.es/sede/registro/procedimiento/TR.AR.45?lang=1,,2026-05-17T10:22:03.177124+00:00
550,677,OCUPACION,C/ LITERAT GABRIEL MIRÓ,geoportal_valencia,occupacio_via_publica:260152401,ADMIN_TASK,"Gestion municipal de carga, descarga o acceso comercial","Si la ocupacion afecta a carga, descarga o acceso comercial, revisa la gestion municipal aplicable y confirma requisitos en la Sede.",50,COMMERCIAL,comercio-ocupacion,https://sede.valencia.es/sede/registro/procedimiento/TR.AR.45?lang=1,,2026-05-17T10:22:03.177124+00:00
554,678,OCUPACION,C/ SANT VICENT MÀRTIR,geoportal_valencia,occupacio_via_publica:260152701,ADMIN_TASK,"Gestion municipal de carga, descarga o acceso comercial","Si la ocupacion afecta a carga, descarga o acceso comercial, revisa la gestion municipal aplicable y confirma requisitos en la Sede.",50,COMMERCIAL,comercio-ocupacion,https://sede.valencia.es/sede/registro/procedimiento/TR.AR.45?lang=1,,2026-05-17T10:22:03.177124+00:00
557,679,OCUPACION,AV. CAMPANAR,geoportal_valencia,occupacio_via_publica:260154601,ADMIN_TASK,"Gestion municipal de carga, descarga o acceso comercial","Si la ocupacion afecta a carga, descarga o acceso comercial, revisa la gestion municipal aplicable y confirma requisitos en la Sede.",50,COMMERCIAL,comercio-ocupacion,https://sede.valencia.es/sede/registro/procedimiento/TR.AR.45?lang=1,,2026-05-17T10:22:03.177124+00:00
560,680,OCUPACION,C/ FRANCESC BALDOMAR,geoportal_valencia,occupacio_via_publica:250016806,ADMIN_TASK,"Gestion municipal de carga, descarga o acceso comercial","Si la ocupacion afecta a carga, descarga o acceso comercial, revisa la gestion municipal aplicable y confirma requisitos en la Sede.",50,COMMERCIAL,comercio-ocupacion,https://sede.valencia.es/sede/registro/procedimiento/TR.AR.45?lang=1,,2026-05-17T10:22:03.177124+00:00
564,681,OCUPACION,C/ MESTRE ALBERTO LUZ,geoportal_valencia,occupacio_via_publica:260153801,ADMIN_TASK,"Gestion municipal de carga, descarga o acceso comercial","Si la ocupacion afecta a carga, descarga o acceso comercial, revisa la gestion municipal aplicable y confirma requisitos en la Sede.",50,COMMERCIAL,comercio-ocupacion,https://sede.valencia.es/sede/registro/procedimiento/TR.AR.45?lang=1,,2026-05-17T10:22:03.177124+00:00
567,682,OCUPACION,C/ JESÚS,geoportal_valencia,occupacio_via_publica:260152901,ADMIN_TASK,"Gestion municipal de carga, descarga o acceso comercial","Si la ocupacion afecta a carga, descarga o acceso comercial, revisa la gestion municipal aplicable y confirma requisitos en la Sede.",50,COMMERCIAL,comercio-ocupacion,https://sede.valencia.es/sede/registro/procedimiento/TR.AR.45?lang=1,,2026-05-17T10:22:03.177124+00:00
571,683,OCUPACION,C/ FRANCESC BALDOMAR,geoportal_valencia,occupacio_via_publica:250016805,ADMIN_TASK,"Gestion municipal de carga, descarga o acceso comercial","Si la ocupacion afecta a carga, descarga o acceso comercial, revisa la gestion municipal aplicable y confirma requisitos en la Sede.",50,COMMERCIAL,comercio-ocupacion,https://sede.valencia.es/sede/registro/procedimiento/TR.AR.45?lang=1,,2026-05-17T10:22:03.177124+00:00
575,684,OCUPACION,C/ SANTA MARIA MICAELA,geoportal_valencia,occupacio_via_publica:260152402,ADMIN_TASK,"Gestion municipal de carga, descarga o acceso comercial","Si la ocupacion afecta a carga, descarga o acceso comercial, revisa la gestion municipal aplicable y confirma requisitos en la Sede.",50,COMMERCIAL,comercio-ocupacion,https://sede.valencia.es/sede/registro/procedimiento/TR.AR.45?lang=1,,2026-05-17T10:22:03.177124+00:00
579,685,OCUPACION,C/ SUECA,geoportal_valencia,occupacio_via_publica:260155201,ADMIN_TASK,"Gestion municipal de carga, descarga o acceso comercial","Si la ocupacion afecta a carga, descarga o acceso comercial, revisa la gestion municipal aplicable y confirma requisitos en la Sede.",50,COMMERCIAL,comercio-ocupacion,https://sede.valencia.es/sede/registro/procedimiento/TR.AR.45?lang=1,,2026-05-17T10:22:03.177124+00:00
582,686,OCUPACION,C/ GIMÉNEZ I COSTA,geoportal_valencia,occupacio_via_publica:260157101,ADMIN_TASK,"Gestion municipal de carga, descarga o acceso comercial","Si la ocupacion afecta a carga, descarga o acceso comercial, revisa la gestion municipal aplicable y confirma requisitos en la Sede.",50,COMMERCIAL,comercio-ocupacion,https://sede.valencia.es/sede/registro/procedimiento/TR.AR.45?lang=1,,2026-05-17T10:22:03.177124+00:00
585,687,OCUPACION,C/ ALACANT,geoportal_valencia,occupacio_via_publica:260136903,ADMIN_TASK,"Gestion municipal de carga, descarga o acceso comercial","Si la ocupacion afecta a carga, descarga o acceso comercial, revisa la gestion municipal aplicable y confirma requisitos en la Sede.",50,COMMERCIAL,comercio-ocupacion,https://sede.valencia.es/sede/registro/procedimiento/TR.AR.45?lang=1,,2026-05-17T10:22:03.177124+00:00
588,688,OCUPACION,C/ JERÓNIMA GALÉS (IMPRESSORA),geoportal_valencia,occupacio_via_publica:260156201,ADMIN_TASK,"Gestion municipal de carga, descarga o acceso comercial","Si la ocupacion afecta a carga, descarga o acceso comercial, revisa la gestion municipal aplicable y confirma requisitos en la Sede.",50,COMMERCIAL,comercio-ocupacion,https://sede.valencia.es/sede/registro/procedimiento/TR.AR.45?lang=1,,2026-05-17T10:22:03.177124+00:00
592,689,OCUPACION,C/ ALGAR DE PALÀNCIA,geoportal_valencia,occupacio_via_publica:250085839,ADMIN_TASK,"Gestion municipal de carga, descarga o acceso comercial","Si la ocupacion afecta a carga, descarga o acceso comercial, revisa la gestion municipal aplicable y confirma requisitos en la Sede.",50,COMMERCIAL,comercio-ocupacion,https://sede.valencia.es/sede/registro/procedimiento/TR.AR.45?lang=1,,2026-05-17T10:22:03.177124+00:00
595,690,OCUPACION,C/ AVELLANES,geoportal_valencia,occupacio_via_publica:260155001,ADMIN_TASK,"Gestion municipal de carga, descarga o acceso comercial","Si la ocupacion afecta a carga, descarga o acceso comercial, revisa la gestion municipal aplicable y confirma requisitos en la Sede.",50,COMMERCIAL,comercio-ocupacion,https://sede.valencia.es/sede/registro/procedimiento/TR.AR.45?lang=1,,2026-05-17T10:22:03.177124+00:00
599,691,OCUPACION,C/ SANTA MARIA MICAELA,geoportal_valencia,occupacio_via_publica:260152403,ADMIN_TASK,"Gestion municipal de carga, descarga o acceso comercial","Si la ocupacion afecta a carga, descarga o acceso comercial, revisa la gestion municipal aplicable y confirma requisitos en la Sede.",50,COMMERCIAL,comercio-ocupacion,https://sede.valencia.es/sede/registro/procedimiento/TR.AR.45?lang=1,,2026-05-17T10:22:03.177124+00:00
603,692,OCUPACION,AV. REAL DE MADRID,geoportal_valencia,occupacio_via_publica:250085838,ADMIN_TASK,"Gestion municipal de carga, descarga o acceso comercial","Si la ocupacion afecta a carga, descarga o acceso comercial, revisa la gestion municipal aplicable y confirma requisitos en la Sede.",50,COMMERCIAL,comercio-ocupacion,https://sede.valencia.es/sede/registro/procedimiento/TR.AR.45?lang=1,,2026-05-17T10:22:03.177124+00:00
606,693,OCUPACION,C/ SALAMANCA,geoportal_valencia,occupacio_via_publica:260155801,ADMIN_TASK,"Gestion municipal de carga, descarga o acceso comercial","Si la ocupacion afecta a carga, descarga o acceso comercial, revisa la gestion municipal aplicable y confirma requisitos en la Sede.",50,COMMERCIAL,comercio-ocupacion,https://sede.valencia.es/sede/registro/procedimiento/TR.AR.45?lang=1,,2026-05-17T10:22:03.177124+00:00
609,694,OCUPACION,SENDA. AIRE,geoportal_valencia,occupacio_via_publica:260157701,ADMIN_TASK,"Gestion municipal de carga, descarga o acceso comercial","Si la ocupacion afecta a carga, descarga o acceso comercial, revisa la gestion municipal aplicable y confirma requisitos en la Sede.",50,COMMERCIAL,comercio-ocupacion,https://sede.valencia.es/sede/registro/procedimiento/TR.AR.45?lang=1,,2026-05-17T10:22:03.177124+00:00
612,695,OCUPACION,C/ FÈLIX PIZCUETA,geoportal_valencia,occupacio_via_publica:260155301,ADMIN_TASK,"Gestion municipal de carga, descarga o acceso comercial","Si la ocupacion afecta a carga, descarga o acceso comercial, revisa la gestion municipal aplicable y confirma requisitos en la Sede.",50,COMMERCIAL,comercio-ocupacion,https://sede.valencia.es/sede/registro/procedimiento/TR.AR.45?lang=1,,2026-05-17T10:22:03.177124+00:00
615,696,OCUPACION,C/ CANONGE ROCAFULL,geoportal_valencia,occupacio_via_publica:260128805,ADMIN_TASK,"Gestion municipal de carga, descarga o acceso comercial","Si la ocupacion afecta a carga, descarga o acceso comercial, revisa la gestion municipal aplicable y confirma requisitos en la Sede.",50,COMMERCIAL,comercio-ocupacion,https://sede.valencia.es/sede/registro/procedimiento/TR.AR.45?lang=1,,2026-05-17T10:22:03.177124+00:00
618,697,OCUPACION,C/ MESTRE SOSA,geoportal_valencia,occupacio_via_publica:260157601,ADMIN_TASK,"Gestion municipal de carga, descarga o acceso comercial","Si la ocupacion afecta a carga, descarga o acceso comercial, revisa la gestion municipal aplicable y confirma requisitos en la Sede.",50,COMMERCIAL,comercio-ocupacion,https://sede.valencia.es/sede/registro/procedimiento/TR.AR.45?lang=1,,2026-05-17T10:22:03.177124+00:00
622,698,OCUPACION,C/ FRANCESC DE LLANO,geoportal_valencia,occupacio_via_publica:260095003,ADMIN_TASK,"Gestion municipal de carga, descarga o acceso comercial","Si la ocupacion afecta a carga, descarga o acceso comercial, revisa la gestion municipal aplicable y confirma requisitos en la Sede.",50,COMMERCIAL,comercio-ocupacion,https://sede.valencia.es/sede/registro/procedimiento/TR.AR.45?lang=1,,2026-05-17T10:22:03.177124+00:00
626,699,OCUPACION,AV. PORT,geoportal_valencia,occupacio_via_publica:260128806,ADMIN_TASK,"Gestion municipal de carga, descarga o acceso comercial","Si la ocupacion afecta a carga, descarga o acceso comercial, revisa la gestion municipal aplicable y confirma requisitos en la Sede.",50,COMMERCIAL,comercio-ocupacion,https://sede.valencia.es/sede/registro/procedimiento/TR.AR.45?lang=1,,2026-05-17T10:22:03.177124+00:00
629,700,OCUPACION,C/ SANTANDER,geoportal_valencia,occupacio_via_publica:260156202,ADMIN_TASK,"Gestion municipal de carga, descarga o acceso comercial","Si la ocupacion afecta a carga, descarga o acceso comercial, revisa la gestion municipal aplicable y confirma requisitos en la Sede.",50,COMMERCIAL,comercio-ocupacion,https://sede.valencia.es/sede/registro/procedimiento/TR.AR.45?lang=1,,2026-05-17T10:22:03.177124+00:00
633,701,OCUPACION,AV. TRES CREUS,geoportal_valencia,occupacio_via_publica:260106304,ADMIN_TASK,"Gestion municipal de carga, descarga o acceso comercial","Si la ocupacion afecta a carga, descarga o acceso comercial, revisa la gestion municipal aplicable y confirma requisitos en la Sede.",50,COMMERCIAL,comercio-ocupacion,https://sede.valencia.es/sede/registro/procedimiento/TR.AR.45?lang=1,,2026-05-17T10:22:03.177124+00:00
637,702,OCUPACION,C/ LITERAT GABRIEL MIRÓ,geoportal_valencia,occupacio_via_publica:260152404,ADMIN_TASK,"Gestion municipal de carga, descarga o acceso comercial","Si la ocupacion afecta a carga, descarga o acceso comercial, revisa la gestion municipal aplicable y confirma requisitos en la Sede.",50,COMMERCIAL,comercio-ocupacion,https://sede.valencia.es/sede/registro/procedimiento/TR.AR.45?lang=1,,2026-05-17T10:22:03.177124+00:00
641,703,OCUPACION,C/ NA VARDERA,geoportal_valencia,occupacio_via_publica:260128804,ADMIN_TASK,"Gestion municipal de carga, descarga o acceso comercial","Si la ocupacion afecta a carga, descarga o acceso comercial, revisa la gestion municipal aplicable y confirma requisitos en la Sede.",50,COMMERCIAL,comercio-ocupacion,https://sede.valencia.es/sede/registro/procedimiento/TR.AR.45?lang=1,,2026-05-17T10:22:03.177124+00:00
644,704,OCUPACION,AV. PERIS I VALERO,geoportal_valencia,occupacio_via_publica:260140303,ADMIN_TASK,"Gestion municipal de carga, descarga o acceso comercial","Si la ocupacion afecta a carga, descarga o acceso comercial, revisa la gestion municipal aplicable y confirma requisitos en la Sede.",50,COMMERCIAL,comercio-ocupacion,https://sede.valencia.es/sede/registro/procedimiento/TR.AR.45?lang=1,,2026-05-17T10:22:03.177124+00:00
647,705,OCUPACION,AV. FERNANDO ABRIL MARTORELL,geoportal_valencia,occupacio_via_publica:260148502,ADMIN_TASK,"Gestion municipal de carga, descarga o acceso comercial","Si la ocupacion afecta a carga, descarga o acceso comercial, revisa la gestion municipal aplicable y confirma requisitos en la Sede.",50,COMMERCIAL,comercio-ocupacion,https://sede.valencia.es/sede/registro/procedimiento/TR.AR.45?lang=1,,2026-05-17T10:22:03.177124+00:00
650,706,OCUPACION,C/ JACA,geoportal_valencia,occupacio_via_publica:260156501,ADMIN_TASK,"Gestion municipal de carga, descarga o acceso comercial","Si la ocupacion afecta a carga, descarga o acceso comercial, revisa la gestion municipal aplicable y confirma requisitos en la Sede.",50,COMMERCIAL,comercio-ocupacion,https://sede.valencia.es/sede/registro/procedimiento/TR.AR.45?lang=1,,2026-05-17T10:22:03.177124+00:00
654,707,OCUPACION,C/ FINESTRAT,geoportal_valencia,occupacio_via_publica:260157501,ADMIN_TASK,"Gestion municipal de carga, descarga o acceso comercial","Si la ocupacion afecta a carga, descarga o acceso comercial, revisa la gestion municipal aplicable y confirma requisitos en la Sede.",50,COMMERCIAL,comercio-ocupacion,https://sede.valencia.es/sede/registro/procedimiento/TR.AR.45?lang=1,,2026-05-17T10:22:03.177124+00:00
657,708,OCUPACION,C/ FLORISTA,geoportal_valencia,occupacio_via_publica:260157901,ADMIN_TASK,"Gestion municipal de carga, descarga o acceso comercial","Si la ocupacion afecta a carga, descarga o acceso comercial, revisa la gestion municipal aplicable y confirma requisitos en la Sede.",50,COMMERCIAL,comercio-ocupacion,https://sede.valencia.es/sede/registro/procedimiento/TR.AR.45?lang=1,,2026-05-17T10:22:03.177124+00:00
660,709,OCUPACION,EP JOSE ROCA COLL (PIANISTA),geoportal_valencia,occupacio_via_publica:250987208,ADMIN_TASK,"Gestion municipal de carga, descarga o acceso comercial","Si la ocupacion afecta a carga, descarga o acceso comercial, revisa la gestion municipal aplicable y confirma requisitos en la Sede.",50,COMMERCIAL,comercio-ocupacion,https://sede.valencia.es/sede/registro/procedimiento/TR.AR.45?lang=1,,2026-05-17T10:22:03.177124+00:00
664,710,OCUPACION,C/ CRISTINA PIRIS LÓPEZ-DORIGA  (SINDICALISTA i FUNDADORA DE CA REVOLTA),geoportal_valencia,occupacio_via_publica:250987207,ADMIN_TASK,"Gestion municipal de carga, descarga o acceso comercial","Si la ocupacion afecta a carga, descarga o acceso comercial, revisa la gestion municipal aplicable y confirma requisitos en la Sede.",50,COMMERCIAL,comercio-ocupacion,https://sede.valencia.es/sede/registro/procedimiento/TR.AR.45?lang=1,,2026-05-17T10:22:03.177124+00:00
668,711,OCUPACION,PL. PINTOR ANDREU,geoportal_valencia,occupacio_via_publica:260157801,ADMIN_TASK,"Gestion municipal de carga, descarga o acceso comercial","Si la ocupacion afecta a carga, descarga o acceso comercial, revisa la gestion municipal aplicable y confirma requisitos en la Sede.",50,COMMERCIAL,comercio-ocupacion,https://sede.valencia.es/sede/registro/procedimiento/TR.AR.45?lang=1,,2026-05-17T10:22:03.177124+00:00
671,712,OCUPACION,C/ TRES FORQUES,geoportal_valencia,occupacio_via_publica:260141103,ADMIN_TASK,"Gestion municipal de carga, descarga o acceso comercial","Si la ocupacion afecta a carga, descarga o acceso comercial, revisa la gestion municipal aplicable y confirma requisitos en la Sede.",50,COMMERCIAL,comercio-ocupacion,https://sede.valencia.es/sede/registro/procedimiento/TR.AR.45?lang=1,,2026-05-17T10:22:03.177124+00:00
674,713,OCUPACION,AV. JESÚS MORANTE BORRÁS,geoportal_valencia,occupacio_via_publica:260131104,ADMIN_TASK,"Gestion municipal de carga, descarga o acceso comercial","Si la ocupacion afecta a carga, descarga o acceso comercial, revisa la gestion municipal aplicable y confirma requisitos en la Sede.",50,COMMERCIAL,comercio-ocupacion,https://sede.valencia.es/sede/registro/procedimiento/TR.AR.45?lang=1,,2026-05-17T10:22:03.177124+00:00
677,714,OCUPACION,C/ ANTONIO SACRAMENTO (ESCULTOR),geoportal_valencia,occupacio_via_publica:260158101,ADMIN_TASK,"Gestion municipal de carga, descarga o acceso comercial","Si la ocupacion afecta a carga, descarga o acceso comercial, revisa la gestion municipal aplicable y confirma requisitos en la Sede.",50,COMMERCIAL,comercio-ocupacion,https://sede.valencia.es/sede/registro/procedimiento/TR.AR.45?lang=1,,2026-05-17T10:22:03.177124+00:00
680,715,OCUPACION,C/ VICENT BRULL,geoportal_valencia,occupacio_via_publica:260159201,ADMIN_TASK,"Gestion municipal de carga, descarga o acceso comercial","Si la ocupacion afecta a carga, descarga o acceso comercial, revisa la gestion municipal aplicable y confirma requisitos en la Sede.",50,COMMERCIAL,comercio-ocupacion,https://sede.valencia.es/sede/registro/procedimiento/TR.AR.45?lang=1,,2026-05-17T10:22:03.177124+00:00
683,716,OCUPACION,C/ RIBERA,geoportal_valencia,occupacio_via_publica:260159402,ADMIN_TASK,"Gestion municipal de carga, descarga o acceso comercial","Si la ocupacion afecta a carga, descarga o acceso comercial, revisa la gestion municipal aplicable y confirma requisitos en la Sede.",50,COMMERCIAL,comercio-ocupacion,https://sede.valencia.es/sede/registro/procedimiento/TR.AR.45?lang=1,,2026-05-17T10:22:03.177124+00:00
686,717,OCUPACION,C/ RIU JILOCA,geoportal_valencia,occupacio_via_publica:250599219,ADMIN_TASK,"Gestion municipal de carga, descarga o acceso comercial","Si la ocupacion afecta a carga, descarga o acceso comercial, revisa la gestion municipal aplicable y confirma requisitos en la Sede.",50,COMMERCIAL,comercio-ocupacion,https://sede.valencia.es/sede/registro/procedimiento/TR.AR.45?lang=1,,2026-05-17T10:22:03.177124+00:00
689,718,OCUPACION,AV. PORT,geoportal_valencia,occupacio_via_publica:260159801,ADMIN_TASK,"Gestion municipal de carga, descarga o acceso comercial","Si la ocupacion afecta a carga, descarga o acceso comercial, revisa la gestion municipal aplicable y confirma requisitos en la Sede.",50,COMMERCIAL,comercio-ocupacion,https://sede.valencia.es/sede/registro/procedimiento/TR.AR.45?lang=1,,2026-05-17T10:22:03.177124+00:00
692,719,OCUPACION,C/ RIBERA,geoportal_valencia,occupacio_via_publica:260159401,ADMIN_TASK,"Gestion municipal de carga, descarga o acceso comercial","Si la ocupacion afecta a carga, descarga o acceso comercial, revisa la gestion municipal aplicable y confirma requisitos en la Sede.",50,COMMERCIAL,comercio-ocupacion,https://sede.valencia.es/sede/registro/procedimiento/TR.AR.45?lang=1,,2026-05-17T10:22:03.177124+00:00
696,720,OCUPACION,C/ VINARÒS,geoportal_valencia,occupacio_via_publica:260127103,ADMIN_TASK,"Gestion municipal de carga, descarga o acceso comercial","Si la ocupacion afecta a carga, descarga o acceso comercial, revisa la gestion municipal aplicable y confirma requisitos en la Sede.",50,COMMERCIAL,comercio-ocupacion,https://sede.valencia.es/sede/registro/procedimiento/TR.AR.45?lang=1,,2026-05-17T10:22:03.177124+00:00
699,721,OCUPACION,C/ LLUÍS LAMARCA,geoportal_valencia,occupacio_via_publica:260158801,ADMIN_TASK,"Gestion municipal de carga, descarga o acceso comercial","Si la ocupacion afecta a carga, descarga o acceso comercial, revisa la gestion municipal aplicable y confirma requisitos en la Sede.",50,COMMERCIAL,comercio-ocupacion,https://sede.valencia.es/sede/registro/procedimiento/TR.AR.45?lang=1,,2026-05-17T10:22:03.177124+00:00
702,722,OCUPACION,C/ GRAN CANÀRIA,geoportal_valencia,occupacio_via_publica:250599217,ADMIN_TASK,"Gestion municipal de carga, descarga o acceso comercial","Si la ocupacion afecta a carga, descarga o acceso comercial, revisa la gestion municipal aplicable y confirma requisitos en la Sede.",50,COMMERCIAL,comercio-ocupacion,https://sede.valencia.es/sede/registro/procedimiento/TR.AR.45?lang=1,,2026-05-17T10:22:03.177124+00:00
706,723,OCUPACION,C/ ÀNGELS,geoportal_valencia,occupacio_via_publica:260159101,ADMIN_TASK,"Gestion municipal de carga, descarga o acceso comercial","Si la ocupacion afecta a carga, descarga o acceso comercial, revisa la gestion municipal aplicable y confirma requisitos en la Sede.",50,COMMERCIAL,comercio-ocupacion,https://sede.valencia.es/sede/registro/procedimiento/TR.AR.45?lang=1,,2026-05-17T10:22:03.177124+00:00
709,724,OCUPACION,C/ CONVENT DE JERUSALEM,geoportal_valencia,occupacio_via_publica:260158901,ADMIN_TASK,"Gestion municipal de carga, descarga o acceso comercial","Si la ocupacion afecta a carga, descarga o acceso comercial, revisa la gestion municipal aplicable y confirma requisitos en la Sede.",50,COMMERCIAL,comercio-ocupacion,https://sede.valencia.es/sede/registro/procedimiento/TR.AR.45?lang=1,,2026-05-17T10:22:03.177124+00:00
712,725,OCUPACION,C/ MENDIZÁBAL,geoportal_valencia,occupacio_via_publica:250599218,ADMIN_TASK,"Gestion municipal de carga, descarga o acceso comercial","Si la ocupacion afecta a carga, descarga o acceso comercial, revisa la gestion municipal aplicable y confirma requisitos en la Sede.",50,COMMERCIAL,comercio-ocupacion,https://sede.valencia.es/sede/registro/procedimiento/TR.AR.45?lang=1,,2026-05-17T10:22:03.177124+00:00
715,726,OCUPACION,C/ COLÓN,geoportal_valencia,occupacio_via_publica:260146602,ADMIN_TASK,"Gestion municipal de carga, descarga o acceso comercial","Si la ocupacion afecta a carga, descarga o acceso comercial, revisa la gestion municipal aplicable y confirma requisitos en la Sede.",50,COMMERCIAL,comercio-ocupacion,https://sede.valencia.es/sede/registro/procedimiento/TR.AR.45?lang=1,,2026-05-17T10:22:03.177124+00:00
718,727,OCUPACION,C/ MATIES PERELLÓ,geoportal_valencia,occupacio_via_publica:260143102,ADMIN_TASK,"Gestion municipal de carga, descarga o acceso comercial","Si la ocupacion afecta a carga, descarga o acceso comercial, revisa la gestion municipal aplicable y confirma requisitos en la Sede.",50,COMMERCIAL,comercio-ocupacion,https://sede.valencia.es/sede/registro/procedimiento/TR.AR.45?lang=1,,2026-05-17T10:22:03.177124+00:00
721,728,OCUPACION,C/ TORN DE L'HOSPITAL,geoportal_valencia,occupacio_via_publica:260136805,ADMIN_TASK,"Gestion municipal de carga, descarga o acceso comercial","Si la ocupacion afecta a carga, descarga o acceso comercial, revisa la gestion municipal aplicable y confirma requisitos en la Sede.",50,COMMERCIAL,comercio-ocupacion,https://sede.valencia.es/sede/registro/procedimiento/TR.AR.45?lang=1,,2026-05-17T10:22:03.177124+00:00
724,729,OCUPACION,C/ FONT ROJA,geoportal_valencia,occupacio_via_publica:260147302,ADMIN_TASK,"Gestion municipal de carga, descarga o acceso comercial","Si la ocupacion afecta a carga, descarga o acceso comercial, revisa la gestion municipal aplicable y confirma requisitos en la Sede.",50,COMMERCIAL,comercio-ocupacion,https://sede.valencia.es/sede/registro/procedimiento/TR.AR.45?lang=1,,2026-05-17T10:22:03.177124+00:00
727,730,OCUPACION,C/ EUGÈNIA VIÑES,geoportal_valencia,occupacio_via_publica:260147802,ADMIN_TASK,"Gestion municipal de carga, descarga o acceso comercial","Si la ocupacion afecta a carga, descarga o acceso comercial, revisa la gestion municipal aplicable y confirma requisitos en la Sede.",50,COMMERCIAL,comercio-ocupacion,https://sede.valencia.es/sede/registro/procedimiento/TR.AR.45?lang=1,,2026-05-17T10:22:03.177124+00:00
730,731,OCUPACION,C/ JUAN DE MENA,geoportal_valencia,occupacio_via_publica:250996221,ADMIN_TASK,"Gestion municipal de carga, descarga o acceso comercial","Si la ocupacion afecta a carga, descarga o acceso comercial, revisa la gestion municipal aplicable y confirma requisitos en la Sede.",50,COMMERCIAL,comercio-ocupacion,https://sede.valencia.es/sede/registro/procedimiento/TR.AR.45?lang=1,,2026-05-17T10:22:03.177124+00:00
734,732,OCUPACION,AV. PRIMAT REIG,geoportal_valencia,occupacio_via_publica:260161701,ADMIN_TASK,"Gestion municipal de carga, descarga o acceso comercial","Si la ocupacion afecta a carga, descarga o acceso comercial, revisa la gestion municipal aplicable y confirma requisitos en la Sede.",50,COMMERCIAL,comercio-ocupacion,https://sede.valencia.es/sede/registro/procedimiento/TR.AR.45?lang=1,,2026-05-17T10:22:03.177124+00:00
738,733,OCUPACION,AV. FERNANDO ABRIL MARTORELL,geoportal_valencia,occupacio_via_publica:250099701,ADMIN_TASK,"Gestion municipal de carga, descarga o acceso comercial","Si la ocupacion afecta a carga, descarga o acceso comercial, revisa la gestion municipal aplicable y confirma requisitos en la Sede.",50,COMMERCIAL,comercio-ocupacion,https://sede.valencia.es/sede/registro/procedimiento/TR.AR.45?lang=1,,2026-05-17T10:22:03.177124+00:00
742,734,OCUPACION,C/ ILLA FORMENTERA,geoportal_valencia,occupacio_via_publica:260105402,ADMIN_TASK,"Gestion municipal de carga, descarga o acceso comercial","Si la ocupacion afecta a carga, descarga o acceso comercial, revisa la gestion municipal aplicable y confirma requisitos en la Sede.",50,COMMERCIAL,comercio-ocupacion,https://sede.valencia.es/sede/registro/procedimiento/TR.AR.45?lang=1,,2026-05-17T10:22:03.177124+00:00
746,735,OCUPACION,C/ ALBACETE,geoportal_valencia,occupacio_via_publica:260140902,ADMIN_TASK,"Gestion municipal de carga, descarga o acceso comercial","Si la ocupacion afecta a carga, descarga o acceso comercial, revisa la gestion municipal aplicable y confirma requisitos en la Sede.",50,COMMERCIAL,comercio-ocupacion,https://sede.valencia.es/sede/registro/procedimiento/TR.AR.45?lang=1,,2026-05-17T10:22:03.177124+00:00
749,736,OCUPACION,C/ POETA MARAGALL,geoportal_valencia,occupacio_via_publica:260098503,ADMIN_TASK,"Gestion municipal de carga, descarga o acceso comercial","Si la ocupacion afecta a carga, descarga o acceso comercial, revisa la gestion municipal aplicable y confirma requisitos en la Sede.",50,COMMERCIAL,comercio-ocupacion,https://sede.valencia.es/sede/registro/procedimiento/TR.AR.45?lang=1,,2026-05-17T10:22:03.177124+00:00
753,737,OCUPACION,C/ SANT JOAN DE LA PENYA,geoportal_valencia,occupacio_via_publica:260148102,ADMIN_TASK,"Gestion municipal de carga, descarga o acceso comercial","Si la ocupacion afecta a carga, descarga o acceso comercial, revisa la gestion municipal aplicable y confirma requisitos en la Sede.",50,COMMERCIAL,comercio-ocupacion,https://sede.valencia.es/sede/registro/procedimiento/TR.AR.45?lang=1,,2026-05-17T10:22:03.177124+00:00
756,738,OCUPACION,C/ ALZIRA,geoportal_valencia,occupacio_via_publica:260117203,ADMIN_TASK,"Gestion municipal de carga, descarga o acceso comercial","Si la ocupacion afecta a carga, descarga o acceso comercial, revisa la gestion municipal aplicable y confirma requisitos en la Sede.",50,COMMERCIAL,comercio-ocupacion,https://sede.valencia.es/sede/registro/procedimiento/TR.AR.45?lang=1,,2026-05-17T10:22:03.177124+00:00
760,739,OCUPACION,AV. GIORGETA,geoportal_valencia,occupacio_via_publica:260163901,ADMIN_TASK,"Gestion municipal de carga, descarga o acceso comercial","Si la ocupacion afecta a carga, descarga o acceso comercial, revisa la gestion municipal aplicable y confirma requisitos en la Sede.",50,COMMERCIAL,comercio-ocupacion,https://sede.valencia.es/sede/registro/procedimiento/TR.AR.45?lang=1,,2026-05-17T10:22:03.177124+00:00
763,740,OCUPACION,C/ BILBAO,geoportal_valencia,occupacio_via_publica:260151002,ADMIN_TASK,"Gestion municipal de carga, descarga o acceso comercial","Si la ocupacion afecta a carga, descarga o acceso comercial, revisa la gestion municipal aplicable y confirma requisitos en la Sede.",50,COMMERCIAL,comercio-ocupacion,https://sede.valencia.es/sede/registro/procedimiento/TR.AR.45?lang=1,,2026-05-17T10:22:03.177124+00:00
2,1,OCUPACION,Sin titulo,geoportal_valencia,occupacio_via_publica:240403901,INFORMATION,Consulta la afeccion antes de desplazarte,"La incidencia es leve, pero puede afectar al acceso inmediato.",35,GENERIC,ocupacion-generica,https://www.valencia.es/cas/tramites/cita-previa,,2026-05-10T06:24:12.155699+00:00
4,2,OCUPACION,C/ MARIANO DE CAVIA,geoportal_valencia,occupacio_via_publica:250000401,INFORMATION,Consulta la afeccion antes de desplazarte,"La incidencia es leve, pero puede afectar al acceso inmediato.",35,GENERIC,ocupacion-generica,https://www.valencia.es/cas/tramites/cita-previa,,2026-05-10T06:24:12.155699+00:00
6,3,OCUPACION,C/ ARQUITECTE SEGURA DE LAGO,geoportal_valencia,occupacio_via_publica:250000402,INFORMATION,Consulta la afeccion antes de desplazarte,"La incidencia es leve, pero puede afectar al acceso inmediato.",35,GENERIC,ocupacion-generica,https://www.valencia.es/cas/tramites/cita-previa,,2026-05-10T06:24:12.155699+00:00
8,4,OCUPACION,CV. MALILLA,geoportal_valencia,occupacio_via_publica:240225313,INFORMATION,Consulta la afeccion antes de desplazarte,"La incidencia es leve, pero puede afectar al acceso inmediato.",35,GENERIC,ocupacion-generica,https://www.valencia.es/cas/tramites/cita-previa,,2026-05-10T06:24:12.155699+00:00
10,5,OCUPACION,C/ ALCANYÍS,geoportal_valencia,occupacio_via_publica:250041501,INFORMATION,Consulta la afeccion antes de desplazarte,"La incidencia es leve, pero puede afectar al acceso inmediato.",35,GENERIC,ocupacion-generica,https://www.valencia.es/cas/tramites/cita-previa,,2026-05-10T06:24:12.155699+00:00
12,6,OCUPACION,PL. BISBE LAGUARDA,geoportal_valencia,occupacio_via_publica:250041503,INFORMATION,Consulta la afeccion antes de desplazarte,"La incidencia es leve, pero puede afectar al acceso inmediato.",35,GENERIC,ocupacion-generica,https://www.valencia.es/cas/tramites/cita-previa,,2026-05-10T06:24:12.155699+00:00
14,7,OCUPACION,C/ CAMBRILS,geoportal_valencia,occupacio_via_publica:250041502,INFORMATION,Consulta la afeccion antes de desplazarte,"La incidencia es leve, pero puede afectar al acceso inmediato.",35,GENERIC,ocupacion-generica,https://www.valencia.es/cas/tramites/cita-previa,,2026-05-10T06:24:12.155699+00:00
16,8,OCUPACION,AV. POETA FEDERICO GARCIA LORCA,geoportal_valencia,occupacio_via_publica:250094801,INFORMATION,Consulta la afeccion antes de desplazarte,"La incidencia es leve, pero puede afectar al acceso inmediato.",35,GENERIC,ocupacion-generica,https://www.valencia.es/cas/tramites/cita-previa,,2026-05-10T06:24:12.155699+00:00
18,9,OCUPACION,C/ CAVITE,geoportal_valencia,occupacio_via_publica:250090101,INFORMATION,Consulta la afeccion antes de desplazarte,"La incidencia es leve, pero puede afectar al acceso inmediato.",35,GENERIC,ocupacion-generica,https://www.valencia.es/cas/tramites/cita-previa,,2026-05-10T06:24:12.155699+00:00
20,10,OCUPACION,C/ MARIÀ CUBER,geoportal_valencia,occupacio_via_publica:250108902,INFORMATION,Consulta la afeccion antes de desplazarte,"La incidencia es leve, pero puede afectar al acceso inmediato.",35,GENERIC,ocupacion-generica,https://www.valencia.es/cas/tramites/cita-previa,,2026-05-10T06:24:12.155699+00:00
22,11,OCUPACION,PL. CALABUIG,geoportal_valencia,occupacio_via_publica:250108903,INFORMATION,Consulta la afeccion antes de desplazarte,"La incidencia es leve, pero puede afectar al acceso inmediato.",35,GENERIC,ocupacion-generica,https://www.valencia.es/cas/tramites/cita-previa,,2026-05-10T06:24:12.155699+00:00
24,12,OCUPACION,C/ BARRACA,geoportal_valencia,occupacio_via_publica:250159001,INFORMATION,Consulta la afeccion antes de desplazarte,"La incidencia es leve, pero puede afectar al acceso inmediato.",35,GENERIC,ocupacion-generica,https://www.valencia.es/cas/tramites/cita-previa,,2026-05-10T06:24:12.155699+00:00
26,13,OCUPACION,C/ ARQUITECTE SEGURA DE LAGO,geoportal_valencia,occupacio_via_publica:250000407,INFORMATION,Consulta la afeccion antes de desplazarte,"La incidencia es leve, pero puede afectar al acceso inmediato.",35,GENERIC,ocupacion-generica,https://www.valencia.es/cas/tramites/cita-previa,,2026-05-10T06:24:12.155699+00:00
28,14,OCUPACION,C/ BARRACA,geoportal_valencia,occupacio_via_publica:250167501,INFORMATION,Consulta la afeccion antes de desplazarte,"La incidencia es leve, pero puede afectar al acceso inmediato.",35,GENERIC,ocupacion-generica,https://www.valencia.es/cas/tramites/cita-previa,,2026-05-10T06:24:12.155699+00:00
30,15,OCUPACION,C/ PARE LLUÍS NAVARRO,geoportal_valencia,occupacio_via_publica:250167502,INFORMATION,Consulta la afeccion antes de desplazarte,"La incidencia es leve, pero puede afectar al acceso inmediato.",35,GENERIC,ocupacion-generica,https://www.valencia.es/cas/tramites/cita-previa,,2026-05-10T06:24:12.155699+00:00
32,16,OCUPACION,C/ SOLLANA,geoportal_valencia,occupacio_via_publica:250185901,INFORMATION,Consulta la afeccion antes de desplazarte,"La incidencia es leve, pero puede afectar al acceso inmediato.",35,GENERIC,ocupacion-generica,https://www.valencia.es/cas/tramites/cita-previa,,2026-05-10T06:24:12.155699+00:00
34,17,OCUPACION,C/ BOMBER RAMON DUART,geoportal_valencia,occupacio_via_publica:250185902,INFORMATION,Consulta la afeccion antes de desplazarte,"La incidencia es leve, pero puede afectar al acceso inmediato.",35,GENERIC,ocupacion-generica,https://www.valencia.es/cas/tramites/cita-previa,,2026-05-10T06:24:12.155699+00:00
36,18,OCUPACION,C/ DOCTOR RAFAEL BARTUAL,geoportal_valencia,occupacio_via_publica:250000403,INFORMATION,Consulta la afeccion antes de desplazarte,"La incidencia es leve, pero puede afectar al acceso inmediato.",35,GENERIC,ocupacion-generica,https://www.valencia.es/cas/tramites/cita-previa,,2026-05-10T06:24:12.155699+00:00
38,19,OCUPACION,C/ JOAN MERCADER,geoportal_valencia,occupacio_via_publica:250159101,INFORMATION,Consulta la afeccion antes de desplazarte,"La incidencia es leve, pero puede afectar al acceso inmediato.",35,GENERIC,ocupacion-generica,https://www.valencia.es/cas/tramites/cita-previa,,2026-05-10T06:24:12.155699+00:00
40,20,OCUPACION,C/ MÚSIC CHAPÍ,geoportal_valencia,occupacio_via_publica:250159301,INFORMATION,Consulta la afeccion antes de desplazarte,"La incidencia es leve, pero puede afectar al acceso inmediato.",35,GENERIC,ocupacion-generica,https://www.valencia.es/cas/tramites/cita-previa,,2026-05-10T06:24:12.155699+00:00
42,21,OCUPACION,C/ JOSEFINA LANDETE ARAGÓ (odontóloga),geoportal_valencia,occupacio_via_publica:250159302,INFORMATION,Consulta la afeccion antes de desplazarte,"La incidencia es leve, pero puede afectar al acceso inmediato.",35,GENERIC,ocupacion-generica,https://www.valencia.es/cas/tramites/cita-previa,,2026-05-10T06:24:12.155699+00:00
44,22,OCUPACION,C/ MAXIMILIÀ THOUS,geoportal_valencia,occupacio_via_publica:250229801,INFORMATION,Consulta la afeccion antes de desplazarte,"La incidencia es leve, pero puede afectar al acceso inmediato.",35,GENERIC,ocupacion-generica,https://www.valencia.es/cas/tramites/cita-previa,,2026-05-10T06:24:12.155699+00:00
46,23,OCUPACION,C/ TRES D'ABRIL DE 1979,geoportal_valencia,occupacio_via_publica:250188301,INFORMATION,Consulta la afeccion antes de desplazarte,"La incidencia es leve, pero puede afectar al acceso inmediato.",35,GENERIC,ocupacion-generica,https://www.valencia.es/cas/tramites/cita-previa,,2026-05-10T06:24:12.155699+00:00
48,24,OCUPACION,C/ PEPITA,geoportal_valencia,occupacio_via_publica:250610001,INFORMATION,Consulta la afeccion antes de desplazarte,"La incidencia es leve, pero puede afectar al acceso inmediato.",35,GENERIC,ocupacion-generica,https://www.valencia.es/cas/tramites/cita-previa,,2026-05-10T06:24:12.155699+00:00
50,25,OCUPACION,AV. CORTS VALENCIANES,geoportal_valencia,occupacio_via_publica:250616101,INFORMATION,Consulta la afeccion antes de desplazarte,"La incidencia es leve, pero puede afectar al acceso inmediato.",35,GENERIC,ocupacion-generica,https://www.valencia.es/cas/tramites/cita-previa,,2026-05-10T06:24:12.155699+00:00
52,26,OCUPACION,C/ DOCTOR NICASI BENLLOCH,geoportal_valencia,occupacio_via_publica:250637001,INFORMATION,Consulta la afeccion antes de desplazarte,"La incidencia es leve, pero puede afectar al acceso inmediato.",35,GENERIC,ocupacion-generica,https://www.valencia.es/cas/tramites/cita-previa,,2026-05-10T06:24:12.155699+00:00
54,27,OCUPACION,AV. GASPAR AGUILAR,geoportal_valencia,occupacio_via_publica:250142101,INFORMATION,Consulta la afeccion antes de desplazarte,"La incidencia es leve, pero puede afectar al acceso inmediato.",35,GENERIC,ocupacion-generica,https://www.valencia.es/cas/tramites/cita-previa,,2026-05-10T06:24:12.155699+00:00
56,28,OCUPACION,C/ AMICS DEL CORPUS,geoportal_valencia,occupacio_via_publica:250637002,INFORMATION,Consulta la afeccion antes de desplazarte,"La incidencia es leve, pero puede afectar al acceso inmediato.",35,GENERIC,ocupacion-generica,https://www.valencia.es/cas/tramites/cita-previa,,2026-05-10T06:24:12.155699+00:00
58,29,OCUPACION,AV. POETA FEDERICO GARCIA LORCA,geoportal_valencia,occupacio_via_publica:250874301,INFORMATION,Consulta la afeccion antes de desplazarte,"La incidencia es leve, pero puede afectar al acceso inmediato.",35,GENERIC,ocupacion-generica,https://www.valencia.es/cas/tramites/cita-previa,,2026-05-10T06:24:12.155699+00:00
60,30,OCUPACION,C/ RIU ESCALONA,geoportal_valencia,occupacio_via_publica:250891701,INFORMATION,Consulta la afeccion antes de desplazarte,"La incidencia es leve, pero puede afectar al acceso inmediato.",35,GENERIC,ocupacion-generica,https://www.valencia.es/cas/tramites/cita-previa,,2026-05-10T06:24:12.155699+00:00
62,31,OCUPACION,C/ VICENT MIGUEL CARCELLER (PERIODISTA),geoportal_valencia,occupacio_via_publica:240227702,INFORMATION,Consulta la afeccion antes de desplazarte,"La incidencia es leve, pero puede afectar al acceso inmediato.",35,GENERIC,ocupacion-generica,https://www.valencia.es/cas/tramites/cita-previa,,2026-05-10T06:24:12.155699+00:00
64,32,OCUPACION,C/ ILLA FORMENTERA,geoportal_valencia,occupacio_via_publica:240227703,INFORMATION,Consulta la afeccion antes de desplazarte,"La incidencia es leve, pero puede afectar al acceso inmediato.",35,GENERIC,ocupacion-generica,https://www.valencia.es/cas/tramites/cita-previa,,2026-05-10T06:24:12.155699+00:00
66,33,OCUPACION,C/ VICENT MIGUEL CARCELLER (PERIODISTA),geoportal_valencia,occupacio_via_publica:240227704,INFORMATION,Consulta la afeccion antes de desplazarte,"La incidencia es leve, pero puede afectar al acceso inmediato.",35,GENERIC,ocupacion-generica,https://www.valencia.es/cas/tramites/cita-previa,,2026-05-10T06:24:12.155699+00:00
68,34,OCUPACION,C/ ILLA FORMENTERA,geoportal_valencia,occupacio_via_publica:240227705,INFORMATION,Consulta la afeccion antes de desplazarte,"La incidencia es leve, pero puede afectar al acceso inmediato.",35,GENERIC,ocupacion-generica,https://www.valencia.es/cas/tramites/cita-previa,,2026-05-10T06:24:12.155699+00:00
70,35,OCUPACION,C/ ILLA FORMENTERA,geoportal_valencia,occupacio_via_publica:240227706,INFORMATION,Consulta la afeccion antes de desplazarte,"La incidencia es leve, pero puede afectar al acceso inmediato.",35,GENERIC,ocupacion-generica,https://www.valencia.es/cas/tramites/cita-previa,,2026-05-10T06:24:12.155699+00:00
72,36,OCUPACION,AV. PERIS I VALERO,geoportal_valencia,occupacio_via_publica:250893901,INFORMATION,Consulta la afeccion antes de desplazarte,"La incidencia es leve, pero puede afectar al acceso inmediato.",35,GENERIC,ocupacion-generica,https://www.valencia.es/cas/tramites/cita-previa,,2026-05-10T06:24:12.155699+00:00
74,37,OCUPACION,C/ VICENT BRULL,geoportal_valencia,occupacio_via_publica:250108901,INFORMATION,Consulta la afeccion antes de desplazarte,"La incidencia es leve, pero puede afectar al acceso inmediato.",35,GENERIC,ocupacion-generica,https://www.valencia.es/cas/tramites/cita-previa,,2026-05-10T06:24:12.155699+00:00
76,38,OCUPACION,C/ LLUÍS PEIXÓ,geoportal_valencia,occupacio_via_publica:251011001,INFORMATION,Consulta la afeccion antes de desplazarte,"La incidencia es leve, pero puede afectar al acceso inmediato.",35,GENERIC,ocupacion-generica,https://www.valencia.es/cas/tramites/cita-previa,,2026-05-10T06:24:12.155699+00:00
78,39,OCUPACION,C/ RIU TAJO,geoportal_valencia,occupacio_via_publica:251016601,INFORMATION,Consulta la afeccion antes de desplazarte,"La incidencia es leve, pero puede afectar al acceso inmediato.",35,GENERIC,ocupacion-generica,https://www.valencia.es/cas/tramites/cita-previa,,2026-05-10T06:24:12.155699+00:00
80,40,OCUPACION,Sin titulo,geoportal_valencia,occupacio_via_publica:260000301,INFORMATION,Consulta la afeccion antes de desplazarte,"La incidencia es leve, pero puede afectar al acceso inmediato.",35,GENERIC,ocupacion-generica,https://www.valencia.es/cas/tramites/cita-previa,,2026-05-10T06:24:12.155699+00:00
82,41,OCUPACION,C/ FEDERICO ALCACER AGUILAR (DOCTOR EN MEDICINA),geoportal_valencia,occupacio_via_publica:260003901,INFORMATION,Consulta la afeccion antes de desplazarte,"La incidencia es leve, pero puede afectar al acceso inmediato.",35,GENERIC,ocupacion-generica,https://www.valencia.es/cas/tramites/cita-previa,,2026-05-10T06:24:12.155699+00:00
84,42,OCUPACION,C/ EP SAN VICENTE MÁRTIR 254,geoportal_valencia,occupacio_via_publica:260007401,INFORMATION,Consulta la afeccion antes de desplazarte,"La incidencia es leve, pero puede afectar al acceso inmediato.",35,GENERIC,ocupacion-generica,https://www.valencia.es/cas/tramites/cita-previa,,2026-05-10T06:24:12.155699+00:00
86,43,OCUPACION,C/ EP SAN VICENTE MÁRTIR 254,geoportal_valencia,occupacio_via_publica:260007402,INFORMATION,Consulta la afeccion antes de desplazarte,"La incidencia es leve, pero puede afectar al acceso inmediato.",35,GENERIC,ocupacion-generica,https://www.valencia.es/cas/tramites/cita-previa,,2026-05-10T06:24:12.155699+00:00
88,44,OCUPACION,C/ LUIS GARCIA-BERLANGA MARTI (DIRECTOR CINEMA),geoportal_valencia,occupacio_via_publica:260007501,INFORMATION,Consulta la afeccion antes de desplazarte,"La incidencia es leve, pero puede afectar al acceso inmediato.",35,GENERIC,ocupacion-generica,https://www.valencia.es/cas/tramites/cita-previa,,2026-05-10T06:24:12.155699+00:00
90,45,OCUPACION,C/ DOLORES ALCAIDE,geoportal_valencia,occupacio_via_publica:260007403,INFORMATION,Consulta la afeccion antes de desplazarte,"La incidencia es leve, pero puede afectar al acceso inmediato.",35,GENERIC,ocupacion-generica,https://www.valencia.es/cas/tramites/cita-previa,,2026-05-10T06:24:12.155699+00:00
92,46,OCUPACION,AV. JOSE ROCA COLL (PIANISTA),geoportal_valencia,occupacio_via_publica:260011801,INFORMATION,Consulta la afeccion antes de desplazarte,"La incidencia es leve, pero puede afectar al acceso inmediato.",35,GENERIC,ocupacion-generica,https://www.valencia.es/cas/tramites/cita-previa,,2026-05-10T06:24:12.155699+00:00
94,47,OCUPACION,C/ PERE III EL GRAN,geoportal_valencia,occupacio_via_publica:260008701,INFORMATION,Consulta la afeccion antes de desplazarte,"La incidencia es leve, pero puede afectar al acceso inmediato.",35,GENERIC,ocupacion-generica,https://www.valencia.es/cas/tramites/cita-previa,,2026-05-10T06:24:12.155699+00:00
96,48,OCUPACION,C/ MANYÀ,geoportal_valencia,occupacio_via_publica:260028901,INFORMATION,Consulta la afeccion antes de desplazarte,"La incidencia es leve, pero puede afectar al acceso inmediato.",35,GENERIC,ocupacion-generica,https://www.valencia.es/cas/tramites/cita-previa,,2026-05-10T06:24:12.155699+00:00
98,49,OCUPACION,C/ JOAN BAPTISTA MUÑOZ,geoportal_valencia,occupacio_via_publica:260027901,INFORMATION,Consulta la afeccion antes de desplazarte,"La incidencia es leve, pero puede afectar al acceso inmediato.",35,GENERIC,ocupacion-generica,https://www.valencia.es/cas/tramites/cita-previa,,2026-05-10T06:24:12.155699+00:00
100,50,OCUPACION,C/ JOAN BAPTISTA MUÑOZ,geoportal_valencia,occupacio_via_publica:260027801,INFORMATION,Consulta la afeccion antes de desplazarte,"La incidencia es leve, pero puede afectar al acceso inmediato.",35,GENERIC,ocupacion-generica,https://www.valencia.es/cas/tramites/cita-previa,,2026-05-10T06:24:12.155699+00:00
102,51,OCUPACION,C/ ASTÚRIES,geoportal_valencia,occupacio_via_publica:260027701,INFORMATION,Consulta la afeccion antes de desplazarte,"La incidencia es leve, pero puede afectar al acceso inmediato.",35,GENERIC,ocupacion-generica,https://www.valencia.es/cas/tramites/cita-previa,,2026-05-10T06:24:12.155699+00:00
104,52,OCUPACION,C/ SANT VICENT MÀRTIR,geoportal_valencia,occupacio_via_publica:260035501,INFORMATION,Consulta la afeccion antes de desplazarte,"La incidencia es leve, pero puede afectar al acceso inmediato.",35,GENERIC,ocupacion-generica,https://www.valencia.es/cas/tramites/cita-previa,,2026-05-10T06:24:12.155699+00:00
106,53,OCUPACION,C/ ILLA FORMENTERA,geoportal_valencia,occupacio_via_publica:260035601,INFORMATION,Consulta la afeccion antes de desplazarte,"La incidencia es leve, pero puede afectar al acceso inmediato.",35,GENERIC,ocupacion-generica,https://www.valencia.es/cas/tramites/cita-previa,,2026-05-10T06:24:12.155699+00:00
108,54,OCUPACION,AV. CARDENAL BENLLOCH,geoportal_valencia,occupacio_via_publica:240201402,INFORMATION,Consulta la afeccion antes de desplazarte,"La incidencia es leve, pero puede afectar al acceso inmediato.",35,GENERIC,ocupacion-generica,https://www.valencia.es/cas/tramites/cita-previa,,2026-05-10T06:24:12.155699+00:00
110,55,OCUPACION,AV. BURJASSOT,geoportal_valencia,occupacio_via_publica:260049101,INFORMATION,Consulta la afeccion antes de desplazarte,"La incidencia es leve, pero puede afectar al acceso inmediato.",35,GENERIC,ocupacion-generica,https://www.valencia.es/cas/tramites/cita-previa,,2026-05-10T06:24:12.155699+00:00
112,56,OCUPACION,PG. NEPTÚ,geoportal_valencia,occupacio_via_publica:260051101,INFORMATION,Consulta la afeccion antes de desplazarte,"La incidencia es leve, pero puede afectar al acceso inmediato.",35,GENERIC,ocupacion-generica,https://www.valencia.es/cas/tramites/cita-previa,,2026-05-10T06:24:12.155699+00:00
114,57,OCUPACION,C/ VICENT BALLESTER,geoportal_valencia,occupacio_via_publica:260054501,INFORMATION,Consulta la afeccion antes de desplazarte,"La incidencia es leve, pero puede afectar al acceso inmediato.",35,GENERIC,ocupacion-generica,https://www.valencia.es/cas/tramites/cita-previa,,2026-05-10T06:24:12.155699+00:00
116,58,OCUPACION,PL. CORREU VELL,geoportal_valencia,occupacio_via_publica:260055501,INFORMATION,Consulta la afeccion antes de desplazarte,"La incidencia es leve, pero puede afectar al acceso inmediato.",35,GENERIC,ocupacion-generica,https://www.valencia.es/cas/tramites/cita-previa,,2026-05-10T06:24:12.155699+00:00
118,59,OCUPACION,C/ SANTANDER,geoportal_valencia,occupacio_via_publica:260059901,INFORMATION,Consulta la afeccion antes de desplazarte,"La incidencia es leve, pero puede afectar al acceso inmediato.",35,GENERIC,ocupacion-generica,https://www.valencia.es/cas/tramites/cita-previa,,2026-05-10T06:24:12.155699+00:00
120,60,OCUPACION,C/ JOSEP AGUIRRE,geoportal_valencia,occupacio_via_publica:260061201,INFORMATION,Consulta la afeccion antes de desplazarte,"La incidencia es leve, pero puede afectar al acceso inmediato.",35,GENERIC,ocupacion-generica,https://www.valencia.es/cas/tramites/cita-previa,,2026-05-10T06:24:12.155699+00:00
122,61,OCUPACION,C/ OLTÀ,geoportal_valencia,occupacio_via_publica:260018401,INFORMATION,Consulta la afeccion antes de desplazarte,"La incidencia es leve, pero puede afectar al acceso inmediato.",35,GENERIC,ocupacion-generica,https://www.valencia.es/cas/tramites/cita-previa,,2026-05-10T06:24:12.155699+00:00
124,62,OCUPACION,C/ RAFAEL ALBERTI,geoportal_valencia,occupacio_via_publica:260063901,INFORMATION,Consulta la afeccion antes de desplazarte,"La incidencia es leve, pero puede afectar al acceso inmediato.",35,GENERIC,ocupacion-generica,https://www.valencia.es/cas/tramites/cita-previa,,2026-05-10T06:24:12.155699+00:00
126,63,OCUPACION,C/ MESTRE SOSA,geoportal_valencia,occupacio_via_publica:260073302,INFORMATION,Consulta la afeccion antes de desplazarte,"La incidencia es leve, pero puede afectar al acceso inmediato.",35,GENERIC,ocupacion-generica,https://www.valencia.es/cas/tramites/cita-previa,,2026-05-10T06:24:12.155699+00:00
128,64,OCUPACION,C/ ALBACETE,geoportal_valencia,occupacio_via_publica:260073303,INFORMATION,Consulta la afeccion antes de desplazarte,"La incidencia es leve, pero puede afectar al acceso inmediato.",35,GENERIC,ocupacion-generica,https://www.valencia.es/cas/tramites/cita-previa,,2026-05-10T06:24:12.155699+00:00
130,65,OCUPACION,C/ MALUQUER,geoportal_valencia,occupacio_via_publica:260073301,INFORMATION,Consulta la afeccion antes de desplazarte,"La incidencia es leve, pero puede afectar al acceso inmediato.",35,GENERIC,ocupacion-generica,https://www.valencia.es/cas/tramites/cita-previa,,2026-05-10T06:24:12.155699+00:00
132,66,OCUPACION,C/ JOAN LLORENÇ,geoportal_valencia,occupacio_via_publica:260073903,INFORMATION,Consulta la afeccion antes de desplazarte,"La incidencia es leve, pero puede afectar al acceso inmediato.",35,GENERIC,ocupacion-generica,https://www.valencia.es/cas/tramites/cita-previa,,2026-05-10T06:24:12.155699+00:00
134,67,OCUPACION,C/ ALCALDE ALBORS,geoportal_valencia,occupacio_via_publica:260073901,INFORMATION,Consulta la afeccion antes de desplazarte,"La incidencia es leve, pero puede afectar al acceso inmediato.",35,GENERIC,ocupacion-generica,https://www.valencia.es/cas/tramites/cita-previa,,2026-05-10T06:24:12.155699+00:00
136,68,OCUPACION,C/ TORRES,geoportal_valencia,occupacio_via_publica:260073905,INFORMATION,Consulta la afeccion antes de desplazarte,"La incidencia es leve, pero puede afectar al acceso inmediato.",35,GENERIC,ocupacion-generica,https://www.valencia.es/cas/tramites/cita-previa,,2026-05-10T06:24:12.155699+00:00
138,69,OCUPACION,C/ CALIXT III,geoportal_valencia,occupacio_via_publica:260073904,INFORMATION,Consulta la afeccion antes de desplazarte,"La incidencia es leve, pero puede afectar al acceso inmediato.",35,GENERIC,ocupacion-generica,https://www.valencia.es/cas/tramites/cita-previa,,2026-05-10T06:24:12.155699+00:00
140,70,OCUPACION,C/ TORRES TORRES,geoportal_valencia,occupacio_via_publica:260073902,INFORMATION,Consulta la afeccion antes de desplazarte,"La incidencia es leve, pero puede afectar al acceso inmediato.",35,GENERIC,ocupacion-generica,https://www.valencia.es/cas/tramites/cita-previa,,2026-05-10T06:24:12.155699+00:00
142,71,OCUPACION,C/ MARIANO RIBERA,geoportal_valencia,occupacio_via_publica:260075201,INFORMATION,Consulta la afeccion antes de desplazarte,"La incidencia es leve, pero puede afectar al acceso inmediato.",35,GENERIC,ocupacion-generica,https://www.valencia.es/cas/tramites/cita-previa,,2026-05-10T06:24:12.155699+00:00
144,72,OCUPACION,C/ LLADRÓ I MALLÍ,geoportal_valencia,occupacio_via_publica:260081901,INFORMATION,Consulta la afeccion antes de desplazarte,"La incidencia es leve, pero puede afectar al acceso inmediato.",35,GENERIC,ocupacion-generica,https://www.valencia.es/cas/tramites/cita-previa,,2026-05-10T06:24:12.155699+00:00
146,73,OCUPACION,C/ FONT ROJA,geoportal_valencia,occupacio_via_publica:260081902,INFORMATION,Consulta la afeccion antes de desplazarte,"La incidencia es leve, pero puede afectar al acceso inmediato.",35,GENERIC,ocupacion-generica,https://www.valencia.es/cas/tramites/cita-previa,,2026-05-10T06:24:12.155699+00:00
148,74,OCUPACION,Sin titulo,geoportal_valencia,occupacio_via_publica:260087201,INFORMATION,Consulta la afeccion antes de desplazarte,"La incidencia es leve, pero puede afectar al acceso inmediato.",35,GENERIC,ocupacion-generica,https://www.valencia.es/cas/tramites/cita-previa,,2026-05-10T06:24:12.155699+00:00
150,75,OCUPACION,CTRA. MALILLA,geoportal_valencia,occupacio_via_publica:260087102,INFORMATION,Consulta la afeccion antes de desplazarte,"La incidencia es leve, pero puede afectar al acceso inmediato.",35,GENERIC,ocupacion-generica,https://www.valencia.es/cas/tramites/cita-previa,,2026-05-10T06:24:12.155699+00:00
152,76,OCUPACION,Sin titulo,geoportal_valencia,occupacio_via_publica:250627907,INFORMATION,Consulta la afeccion antes de desplazarte,"La incidencia es leve, pero puede afectar al acceso inmediato.",35,GENERIC,ocupacion-generica,https://www.valencia.es/cas/tramites/cita-previa,,2026-05-10T06:24:12.155699+00:00
154,77,OCUPACION,Sin titulo,geoportal_valencia,occupacio_via_publica:260001706,INFORMATION,Consulta la afeccion antes de desplazarte,"La incidencia es leve, pero puede afectar al acceso inmediato.",35,GENERIC,ocupacion-generica,https://www.valencia.es/cas/tramites/cita-previa,,2026-05-10T06:24:12.155699+00:00
156,78,OCUPACION,Sin titulo,geoportal_valencia,occupacio_via_publica:260001705,INFORMATION,Consulta la afeccion antes de desplazarte,"La incidencia es leve, pero puede afectar al acceso inmediato.",35,GENERIC,ocupacion-generica,https://www.valencia.es/cas/tramites/cita-previa,,2026-05-10T06:24:12.155699+00:00
158,79,OCUPACION,C/ BERENGUER MALLOL,geoportal_valencia,occupacio_via_publica:260089801,INFORMATION,Consulta la afeccion antes de desplazarte,"La incidencia es leve, pero puede afectar al acceso inmediato.",35,GENERIC,ocupacion-generica,https://www.valencia.es/cas/tramites/cita-previa,,2026-05-10T06:24:12.155699+00:00
160,80,OCUPACION,C/ DOS D'ABRIL,geoportal_valencia,occupacio_via_publica:260093301,INFORMATION,Consulta la afeccion antes de desplazarte,"La incidencia es leve, pero puede afectar al acceso inmediato.",35,GENERIC,ocupacion-generica,https://www.valencia.es/cas/tramites/cita-previa,,2026-05-10T06:24:12.155699+00:00
162,81,OCUPACION,C/ GONZÁLEZ MARTÍ,geoportal_valencia,occupacio_via_publica:260092601,INFORMATION,Consulta la afeccion antes de desplazarte,"La incidencia es leve, pero puede afectar al acceso inmediato.",35,GENERIC,ocupacion-generica,https://www.valencia.es/cas/tramites/cita-previa,,2026-05-10T06:24:12.155699+00:00
164,82,OCUPACION,C/ ALMOINES,geoportal_valencia,occupacio_via_publica:260097001,INFORMATION,Consulta la afeccion antes de desplazarte,"La incidencia es leve, pero puede afectar al acceso inmediato.",35,GENERIC,ocupacion-generica,https://www.valencia.es/cas/tramites/cita-previa,,2026-05-10T06:24:12.155699+00:00
166,83,OCUPACION,PL. SANT NICOLAU,geoportal_valencia,occupacio_via_publica:260096801,INFORMATION,Consulta la afeccion antes de desplazarte,"La incidencia es leve, pero puede afectar al acceso inmediato.",35,GENERIC,ocupacion-generica,https://www.valencia.es/cas/tramites/cita-previa,,2026-05-10T06:24:12.155699+00:00
168,84,OCUPACION,C/ URUGUAI,geoportal_valencia,occupacio_via_publica:260097601,INFORMATION,Consulta la afeccion antes de desplazarte,"La incidencia es leve, pero puede afectar al acceso inmediato.",35,GENERIC,ocupacion-generica,https://www.valencia.es/cas/tramites/cita-previa,,2026-05-10T06:24:12.155699+00:00
170,85,OCUPACION,C/ OLIMPIA AROZENA TORRES (PROFESSORA),geoportal_valencia,occupacio_via_publica:260097002,INFORMATION,Consulta la afeccion antes de desplazarte,"La incidencia es leve, pero puede afectar al acceso inmediato.",35,GENERIC,ocupacion-generica,https://www.valencia.es/cas/tramites/cita-previa,,2026-05-10T06:24:12.155699+00:00
172,86,OCUPACION,C/ MESTRE GUERRERO,geoportal_valencia,occupacio_via_publica:260097602,INFORMATION,Consulta la afeccion antes de desplazarte,"La incidencia es leve, pero puede afectar al acceso inmediato.",35,GENERIC,ocupacion-generica,https://www.valencia.es/cas/tramites/cita-previa,,2026-05-10T06:24:12.155699+00:00
174,87,OCUPACION,C/ MESTRE GUERRERO,geoportal_valencia,occupacio_via_publica:260097603,INFORMATION,Consulta la afeccion antes de desplazarte,"La incidencia es leve, pero puede afectar al acceso inmediato.",35,GENERIC,ocupacion-generica,https://www.valencia.es/cas/tramites/cita-previa,,2026-05-10T06:24:12.155699+00:00
176,88,OCUPACION,Sin titulo,geoportal_valencia,occupacio_via_publica:260098502,INFORMATION,Consulta la afeccion antes de desplazarte,"La incidencia es leve, pero puede afectar al acceso inmediato.",35,GENERIC,ocupacion-generica,https://www.valencia.es/cas/tramites/cita-previa,,2026-05-10T06:24:12.155699+00:00
178,89,OCUPACION,C/ TORRES,geoportal_valencia,occupacio_via_publica:260099901,INFORMATION,Consulta la afeccion antes de desplazarte,"La incidencia es leve, pero puede afectar al acceso inmediato.",35,GENERIC,ocupacion-generica,https://www.valencia.es/cas/tramites/cita-previa,,2026-05-10T06:24:12.155699+00:00
180,90,OCUPACION,Sin titulo,geoportal_valencia,occupacio_via_publica:260102602,INFORMATION,Consulta la afeccion antes de desplazarte,"La incidencia es leve, pero puede afectar al acceso inmediato.",35,GENERIC,ocupacion-generica,https://www.valencia.es/cas/tramites/cita-previa,,2026-05-10T06:24:12.155699+00:00
182,91,OCUPACION,Sin titulo,geoportal_valencia,occupacio_via_publica:394888,INFORMATION,Consulta la afeccion antes de desplazarte,"La incidencia es leve, pero puede afectar al acceso inmediato.",35,GENERIC,ocupacion-generica,https://www.valencia.es/cas/tramites/cita-previa,,2026-05-10T06:24:12.155699+00:00
184,92,OCUPACION,AV. TARONGERS,geoportal_valencia,occupacio_via_publica:260101601,INFORMATION,Consulta la afeccion antes de desplazarte,"La incidencia es leve, pero puede afectar al acceso inmediato.",35,GENERIC,ocupacion-generica,https://www.valencia.es/cas/tramites/cita-previa,,2026-05-10T06:24:12.155699+00:00
186,93,OCUPACION,C/ BON ORDE,geoportal_valencia,occupacio_via_publica:260104503,INFORMATION,Consulta la afeccion antes de desplazarte,"La incidencia es leve, pero puede afectar al acceso inmediato.",35,GENERIC,ocupacion-generica,https://www.valencia.es/cas/tramites/cita-previa,,2026-05-10T06:24:12.155699+00:00
188,94,OCUPACION,C/ BON ORDE,geoportal_valencia,occupacio_via_publica:260104504,INFORMATION,Consulta la afeccion antes de desplazarte,"La incidencia es leve, pero puede afectar al acceso inmediato.",35,GENERIC,ocupacion-generica,https://www.valencia.es/cas/tramites/cita-previa,,2026-05-10T06:24:12.155699+00:00
190,95,OCUPACION,C/ JOAN LLORENÇ,geoportal_valencia,occupacio_via_publica:260104506,INFORMATION,Consulta la afeccion antes de desplazarte,"La incidencia es leve, pero puede afectar al acceso inmediato.",35,GENERIC,ocupacion-generica,https://www.valencia.es/cas/tramites/cita-previa,,2026-05-10T06:24:12.155699+00:00
192,96,OCUPACION,Sin titulo,geoportal_valencia,occupacio_via_publica:260102601,INFORMATION,Consulta la afeccion antes de desplazarte,"La incidencia es leve, pero puede afectar al acceso inmediato.",35,GENERIC,ocupacion-generica,https://www.valencia.es/cas/tramites/cita-previa,,2026-05-10T06:24:12.155699+00:00
194,97,OCUPACION,C/ BON ORDE,geoportal_valencia,occupacio_via_publica:260104502,INFORMATION,Consulta la afeccion antes de desplazarte,"La incidencia es leve, pero puede afectar al acceso inmediato.",35,GENERIC,ocupacion-generica,https://www.valencia.es/cas/tramites/cita-previa,,2026-05-10T06:24:12.155699+00:00
196,98,OCUPACION,C/ JOAN LLORENÇ,geoportal_valencia,occupacio_via_publica:260104505,INFORMATION,Consulta la afeccion antes de desplazarte,"La incidencia es leve, pero puede afectar al acceso inmediato.",35,GENERIC,ocupacion-generica,https://www.valencia.es/cas/tramites/cita-previa,,2026-05-10T06:24:12.155699+00:00
198,99,OCUPACION,C/ BON ORDE,geoportal_valencia,occupacio_via_publica:260104501,INFORMATION,Consulta la afeccion antes de desplazarte,"La incidencia es leve, pero puede afectar al acceso inmediato.",35,GENERIC,ocupacion-generica,https://www.valencia.es/cas/tramites/cita-previa,,2026-05-10T06:24:12.155699+00:00
200,100,OCUPACION,Sin titulo,geoportal_valencia,occupacio_via_publica:394811,INFORMATION,Consulta la afeccion antes de desplazarte,"La incidencia es leve, pero puede afectar al acceso inmediato.",35,GENERIC,ocupacion-generica,https://www.valencia.es/cas/tramites/cita-previa,,2026-05-10T06:24:12.155699+00:00
202,101,OCUPACION,Sin titulo,geoportal_valencia,occupacio_via_publica:394989,INFORMATION,Consulta la afeccion antes de desplazarte,"La incidencia es leve, pero puede afectar al acceso inmediato.",35,GENERIC,ocupacion-generica,https://www.valencia.es/cas/tramites/cita-previa,,2026-05-10T06:24:12.155699+00:00
204,102,OCUPACION,C/ ILLA FORMENTERA,geoportal_valencia,occupacio_via_publica:260105401,INFORMATION,Consulta la afeccion antes de desplazarte,"La incidencia es leve, pero puede afectar al acceso inmediato.",35,GENERIC,ocupacion-generica,https://www.valencia.es/cas/tramites/cita-previa,,2026-05-10T06:24:12.155699+00:00
206,103,OCUPACION,C/ MONTESA,geoportal_valencia,occupacio_via_publica:250638808,INFORMATION,Consulta la afeccion antes de desplazarte,"La incidencia es leve, pero puede afectar al acceso inmediato.",35,GENERIC,ocupacion-generica,https://www.valencia.es/cas/tramites/cita-previa,,2026-05-10T06:24:12.155699+00:00
208,104,OCUPACION,AV. GASPAR AGUILAR,geoportal_valencia,occupacio_via_publica:250638809,INFORMATION,Consulta la afeccion antes de desplazarte,"La incidencia es leve, pero puede afectar al acceso inmediato.",35,GENERIC,ocupacion-generica,https://www.valencia.es/cas/tramites/cita-previa,,2026-05-10T06:24:12.155699+00:00
210,105,OCUPACION,AV. GASPAR AGUILAR,geoportal_valencia,occupacio_via_publica:250638807,INFORMATION,Consulta la afeccion antes de desplazarte,"La incidencia es leve, pero puede afectar al acceso inmediato.",35,GENERIC,ocupacion-generica,https://www.valencia.es/cas/tramites/cita-previa,,2026-05-10T06:24:12.155699+00:00
212,106,OCUPACION,C/ DOCTOR PÉREZ FELIU,geoportal_valencia,occupacio_via_publica:260106303,INFORMATION,Consulta la afeccion antes de desplazarte,"La incidencia es leve, pero puede afectar al acceso inmediato.",35,GENERIC,ocupacion-generica,https://www.valencia.es/cas/tramites/cita-previa,,2026-05-10T06:24:12.155699+00:00
214,107,OCUPACION,Sin titulo,geoportal_valencia,occupacio_via_publica:260108801,INFORMATION,Consulta la afeccion antes de desplazarte,"La incidencia es leve, pero puede afectar al acceso inmediato.",35,GENERIC,ocupacion-generica,https://www.valencia.es/cas/tramites/cita-previa,,2026-05-10T06:24:12.155699+00:00
216,108,OCUPACION,AV. AUSIÀS MARCH,geoportal_valencia,occupacio_via_publica:260110103,INFORMATION,Consulta la afeccion antes de desplazarte,"La incidencia es leve, pero puede afectar al acceso inmediato.",35,GENERIC,ocupacion-generica,https://www.valencia.es/cas/tramites/cita-previa,,2026-05-10T06:24:12.155699+00:00
218,109,OCUPACION,C/ CALAMOCHA,geoportal_valencia,occupacio_via_publica:260109801,INFORMATION,Consulta la afeccion antes de desplazarte,"La incidencia es leve, pero puede afectar al acceso inmediato.",35,GENERIC,ocupacion-generica,https://www.valencia.es/cas/tramites/cita-previa,,2026-05-10T06:24:12.155699+00:00
220,110,OCUPACION,Sin titulo,geoportal_valencia,occupacio_via_publica:260106501,INFORMATION,Consulta la afeccion antes de desplazarte,"La incidencia es leve, pero puede afectar al acceso inmediato.",35,GENERIC,ocupacion-generica,https://www.valencia.es/cas/tramites/cita-previa,,2026-05-10T06:24:12.155699+00:00
222,111,OCUPACION,CAMI. ALABAU,geoportal_valencia,occupacio_via_publica:260110109,INFORMATION,Consulta la afeccion antes de desplazarte,"La incidencia es leve, pero puede afectar al acceso inmediato.",35,GENERIC,ocupacion-generica,https://www.valencia.es/cas/tramites/cita-previa,,2026-05-10T06:24:12.155699+00:00
224,112,OCUPACION,C/ MOLÍ DE PALA,geoportal_valencia,occupacio_via_publica:260110112,INFORMATION,Consulta la afeccion antes de desplazarte,"La incidencia es leve, pero puede afectar al acceso inmediato.",35,GENERIC,ocupacion-generica,https://www.valencia.es/cas/tramites/cita-previa,,2026-05-10T06:24:12.155699+00:00
226,113,OCUPACION,C/ SEGART,geoportal_valencia,occupacio_via_publica:260110106,INFORMATION,Consulta la afeccion antes de desplazarte,"La incidencia es leve, pero puede afectar al acceso inmediato.",35,GENERIC,ocupacion-generica,https://www.valencia.es/cas/tramites/cita-previa,,2026-05-10T06:24:12.155699+00:00
228,114,OCUPACION,AV. TREBALLADORS,geoportal_valencia,occupacio_via_publica:260110101,INFORMATION,Consulta la afeccion antes de desplazarte,"La incidencia es leve, pero puede afectar al acceso inmediato.",35,GENERIC,ocupacion-generica,https://www.valencia.es/cas/tramites/cita-previa,,2026-05-10T06:24:12.155699+00:00
230,115,OCUPACION,C/ SEDAVÍ,geoportal_valencia,occupacio_via_publica:260110104,INFORMATION,Consulta la afeccion antes de desplazarte,"La incidencia es leve, pero puede afectar al acceso inmediato.",35,GENERIC,ocupacion-generica,https://www.valencia.es/cas/tramites/cita-previa,,2026-05-10T06:24:12.155699+00:00
232,116,OCUPACION,ENTD. CASA DELS COLOMINS,geoportal_valencia,occupacio_via_publica:260110110,INFORMATION,Consulta la afeccion antes de desplazarte,"La incidencia es leve, pero puede afectar al acceso inmediato.",35,GENERIC,ocupacion-generica,https://www.valencia.es/cas/tramites/cita-previa,,2026-05-10T06:24:12.155699+00:00
234,117,OCUPACION,C/ EP ASSAGADOR DE LA TORRE,geoportal_valencia,occupacio_via_publica:260110102,INFORMATION,Consulta la afeccion antes de desplazarte,"La incidencia es leve, pero puede afectar al acceso inmediato.",35,GENERIC,ocupacion-generica,https://www.valencia.es/cas/tramites/cita-previa,,2026-05-10T06:24:12.155699+00:00
236,118,OCUPACION,C/ ROTGLÀ I CORBERÀ,geoportal_valencia,occupacio_via_publica:260110108,INFORMATION,Consulta la afeccion antes de desplazarte,"La incidencia es leve, pero puede afectar al acceso inmediato.",35,GENERIC,ocupacion-generica,https://www.valencia.es/cas/tramites/cita-previa,,2026-05-10T06:24:12.155699+00:00
238,119,OCUPACION,C/ CREUETA ALTA,geoportal_valencia,occupacio_via_publica:260110113,INFORMATION,Consulta la afeccion antes de desplazarte,"La incidencia es leve, pero puede afectar al acceso inmediato.",35,GENERIC,ocupacion-generica,https://www.valencia.es/cas/tramites/cita-previa,,2026-05-10T06:24:12.155699+00:00
240,120,OCUPACION,PL. RIU SEGURA,geoportal_valencia,occupacio_via_publica:260110107,INFORMATION,Consulta la afeccion antes de desplazarte,"La incidencia es leve, pero puede afectar al acceso inmediato.",35,GENERIC,ocupacion-generica,https://www.valencia.es/cas/tramites/cita-previa,,2026-05-10T06:24:12.155699+00:00
242,121,OCUPACION,AV. EUROPA,geoportal_valencia,occupacio_via_publica:260110111,INFORMATION,Consulta la afeccion antes de desplazarte,"La incidencia es leve, pero puede afectar al acceso inmediato.",35,GENERIC,ocupacion-generica,https://www.valencia.es/cas/tramites/cita-previa,,2026-05-10T06:24:12.155699+00:00
244,122,OCUPACION,AV. MENÉNDEZ Y PELAYO,geoportal_valencia,occupacio_via_publica:260099401,INFORMATION,Consulta la afeccion antes de desplazarte,"La incidencia es leve, pero puede afectar al acceso inmediato.",35,GENERIC,ocupacion-generica,https://www.valencia.es/cas/tramites/cita-previa,,2026-05-10T06:24:12.155699+00:00
246,123,OCUPACION,VIALES INCLUIDOS EN PROYECTO,geoportal_valencia,occupacio_via_publica:260112901,INFORMATION,Consulta la afeccion antes de desplazarte,"La incidencia es leve, pero puede afectar al acceso inmediato.",35,GENERIC,ocupacion-generica,https://www.valencia.es/cas/tramites/cita-previa,,2026-05-10T06:24:12.155699+00:00
248,124,OCUPACION,Sin titulo,geoportal_valencia,occupacio_via_publica:395350,INFORMATION,Consulta la afeccion antes de desplazarte,"La incidencia es leve, pero puede afectar al acceso inmediato.",35,GENERIC,ocupacion-generica,https://www.valencia.es/cas/tramites/cita-previa,,2026-05-10T06:24:12.155699+00:00
250,125,OCUPACION,Sin titulo,geoportal_valencia,occupacio_via_publica:395394,INFORMATION,Consulta la afeccion antes de desplazarte,"La incidencia es leve, pero puede afectar al acceso inmediato.",35,GENERIC,ocupacion-generica,https://www.valencia.es/cas/tramites/cita-previa,,2026-05-10T06:24:12.155699+00:00
252,126,OCUPACION,Sin titulo,geoportal_valencia,occupacio_via_publica:260084201,INFORMATION,Consulta la afeccion antes de desplazarte,"La incidencia es leve, pero puede afectar al acceso inmediato.",35,GENERIC,ocupacion-generica,https://www.valencia.es/cas/tramites/cita-previa,,2026-05-10T06:24:12.155699+00:00
254,127,OCUPACION,CTRA. MALILLA,geoportal_valencia,occupacio_via_publica:260087101,INFORMATION,Consulta la afeccion antes de desplazarte,"La incidencia es leve, pero puede afectar al acceso inmediato.",35,GENERIC,ocupacion-generica,https://www.valencia.es/cas/tramites/cita-previa,,2026-05-10T06:24:12.155699+00:00
256,128,OCUPACION,ACCESO ZAL DESDE CAMI ANOUERS,geoportal_valencia,occupacio_via_publica:260112503,INFORMATION,Consulta la afeccion antes de desplazarte,"La incidencia es leve, pero puede afectar al acceso inmediato.",35,GENERIC,ocupacion-generica,https://www.valencia.es/cas/tramites/cita-previa,,2026-05-10T06:24:12.155699+00:00
258,129,OCUPACION,CAMI. CAMINOT,geoportal_valencia,occupacio_via_publica:260112502,INFORMATION,Consulta la afeccion antes de desplazarte,"La incidencia es leve, pero puede afectar al acceso inmediato.",35,GENERIC,ocupacion-generica,https://www.valencia.es/cas/tramites/cita-previa,,2026-05-10T06:24:12.155699+00:00
260,130,OCUPACION,CAMI. ANOUERS,geoportal_valencia,occupacio_via_publica:260112501,INFORMATION,Consulta la afeccion antes de desplazarte,"La incidencia es leve, pero puede afectar al acceso inmediato.",35,GENERIC,ocupacion-generica,https://www.valencia.es/cas/tramites/cita-previa,,2026-05-10T06:24:12.155699+00:00
262,131,OCUPACION,C/ ALZIRA,geoportal_valencia,occupacio_via_publica:260117201,INFORMATION,Consulta la afeccion antes de desplazarte,"La incidencia es leve, pero puede afectar al acceso inmediato.",35,GENERIC,ocupacion-generica,https://www.valencia.es/cas/tramites/cita-previa,,2026-05-10T06:24:12.155699+00:00
264,132,OCUPACION,Sin titulo,geoportal_valencia,occupacio_via_publica:250119902,INFORMATION,Consulta la afeccion antes de desplazarte,"La incidencia es leve, pero puede afectar al acceso inmediato.",35,GENERIC,ocupacion-generica,https://www.valencia.es/cas/tramites/cita-previa,,2026-05-10T06:24:12.155699+00:00
266,133,OCUPACION,C/ PINTOR PEIRÓ,geoportal_valencia,occupacio_via_publica:260127902,INFORMATION,Consulta la afeccion antes de desplazarte,"La incidencia es leve, pero puede afectar al acceso inmediato.",35,GENERIC,ocupacion-generica,https://www.valencia.es/cas/tramites/cita-previa,,2026-05-10T06:24:12.155699+00:00
268,134,OCUPACION,C/ TIRIG,geoportal_valencia,occupacio_via_publica:260127913,INFORMATION,Consulta la afeccion antes de desplazarte,"La incidencia es leve, pero puede afectar al acceso inmediato.",35,GENERIC,ocupacion-generica,https://www.valencia.es/cas/tramites/cita-previa,,2026-05-10T06:24:12.155699+00:00
270,135,OCUPACION,Sin titulo,geoportal_valencia,occupacio_via_publica:260127102,INFORMATION,Consulta la afeccion antes de desplazarte,"La incidencia es leve, pero puede afectar al acceso inmediato.",35,GENERIC,ocupacion-generica,https://www.valencia.es/cas/tramites/cita-previa,,2026-05-10T06:24:12.155699+00:00
272,136,OCUPACION,C/ LLUÍS DE MILÀ,geoportal_valencia,occupacio_via_publica:260127912,INFORMATION,Consulta la afeccion antes de desplazarte,"La incidencia es leve, pero puede afectar al acceso inmediato.",35,GENERIC,ocupacion-generica,https://www.valencia.es/cas/tramites/cita-previa,,2026-05-10T06:24:12.155699+00:00
274,137,OCUPACION,C/ VALLÉS,geoportal_valencia,occupacio_via_publica:250638502,INFORMATION,Consulta la afeccion antes de desplazarte,"La incidencia es leve, pero puede afectar al acceso inmediato.",35,GENERIC,ocupacion-generica,https://www.valencia.es/cas/tramites/cita-previa,,2026-05-10T06:24:12.155699+00:00
276,138,OCUPACION,Sin titulo,geoportal_valencia,occupacio_via_publica:260128801,INFORMATION,Consulta la afeccion antes de desplazarte,"La incidencia es leve, pero puede afectar al acceso inmediato.",35,GENERIC,ocupacion-generica,https://www.valencia.es/cas/tramites/cita-previa,,2026-05-10T06:24:12.155699+00:00
278,139,OCUPACION,C/ ORGANISTA PLASÈNCIA,geoportal_valencia,occupacio_via_publica:260127911,INFORMATION,Consulta la afeccion antes de desplazarte,"La incidencia es leve, pero puede afectar al acceso inmediato.",35,GENERIC,ocupacion-generica,https://www.valencia.es/cas/tramites/cita-previa,,2026-05-10T06:24:12.155699+00:00
280,140,OCUPACION,Sin titulo,geoportal_valencia,occupacio_via_publica:260127001,INFORMATION,Consulta la afeccion antes de desplazarte,"La incidencia es leve, pero puede afectar al acceso inmediato.",35,GENERIC,ocupacion-generica,https://www.valencia.es/cas/tramites/cita-previa,,2026-05-10T06:24:12.155699+00:00
282,141,OCUPACION,C/ SEGONA REPÚBLICA ESPANYOLA,geoportal_valencia,occupacio_via_publica:260127908,INFORMATION,Consulta la afeccion antes de desplazarte,"La incidencia es leve, pero puede afectar al acceso inmediato.",35,GENERIC,ocupacion-generica,https://www.valencia.es/cas/tramites/cita-previa,,2026-05-10T06:24:12.155699+00:00
284,142,OCUPACION,C/ AGUSTÍ CENTELLES OSSÓ (FOTÒGRAF),geoportal_valencia,occupacio_via_publica:260127901,INFORMATION,Consulta la afeccion antes de desplazarte,"La incidencia es leve, pero puede afectar al acceso inmediato.",35,GENERIC,ocupacion-generica,https://www.valencia.es/cas/tramites/cita-previa,,2026-05-10T06:24:12.155699+00:00
286,143,OCUPACION,C/ NATURALISTA ARÉVALO BACA,geoportal_valencia,occupacio_via_publica:260127903,INFORMATION,Consulta la afeccion antes de desplazarte,"La incidencia es leve, pero puede afectar al acceso inmediato.",35,GENERIC,ocupacion-generica,https://www.valencia.es/cas/tramites/cita-previa,,2026-05-10T06:24:12.155699+00:00
288,144,OCUPACION,Sin titulo,geoportal_valencia,occupacio_via_publica:260128601,INFORMATION,Consulta la afeccion antes de desplazarte,"La incidencia es leve, pero puede afectar al acceso inmediato.",35,GENERIC,ocupacion-generica,https://www.valencia.es/cas/tramites/cita-previa,,2026-05-10T06:24:12.155699+00:00
290,145,OCUPACION,C/ OLIVERETA,geoportal_valencia,occupacio_via_publica:260127907,INFORMATION,Consulta la afeccion antes de desplazarte,"La incidencia es leve, pero puede afectar al acceso inmediato.",35,GENERIC,ocupacion-generica,https://www.valencia.es/cas/tramites/cita-previa,,2026-05-10T06:24:12.155699+00:00
292,146,OCUPACION,C/ GABRIEL Y GALÁN,geoportal_valencia,occupacio_via_publica:260127909,INFORMATION,Consulta la afeccion antes de desplazarte,"La incidencia es leve, pero puede afectar al acceso inmediato.",35,GENERIC,ocupacion-generica,https://www.valencia.es/cas/tramites/cita-previa,,2026-05-10T06:24:12.155699+00:00
294,147,OCUPACION,C/ JOAQUIM NAVARRO,geoportal_valencia,occupacio_via_publica:260127910,INFORMATION,Consulta la afeccion antes de desplazarte,"La incidencia es leve, pero puede afectar al acceso inmediato.",35,GENERIC,ocupacion-generica,https://www.valencia.es/cas/tramites/cita-previa,,2026-05-10T06:24:12.155699+00:00
296,148,OCUPACION,C/ MARXALENES,geoportal_valencia,occupacio_via_publica:260129401,INFORMATION,Consulta la afeccion antes de desplazarte,"La incidencia es leve, pero puede afectar al acceso inmediato.",35,GENERIC,ocupacion-generica,https://www.valencia.es/cas/tramites/cita-previa,,2026-05-10T06:24:12.155699+00:00
298,149,OCUPACION,Sin titulo,geoportal_valencia,occupacio_via_publica:260128802,INFORMATION,Consulta la afeccion antes de desplazarte,"La incidencia es leve, pero puede afectar al acceso inmediato.",35,GENERIC,ocupacion-generica,https://www.valencia.es/cas/tramites/cita-previa,,2026-05-10T06:24:12.155699+00:00
300,150,OCUPACION,C/ CERDÀ I RICO,geoportal_valencia,occupacio_via_publica:260127906,INFORMATION,Consulta la afeccion antes de desplazarte,"La incidencia es leve, pero puede afectar al acceso inmediato.",35,GENERIC,ocupacion-generica,https://www.valencia.es/cas/tramites/cita-previa,,2026-05-10T06:24:12.155699+00:00
302,151,OCUPACION,C/ NATURALISTA RAFAEL CISTERNAS,geoportal_valencia,occupacio_via_publica:260127904,INFORMATION,Consulta la afeccion antes de desplazarte,"La incidencia es leve, pero puede afectar al acceso inmediato.",35,GENERIC,ocupacion-generica,https://www.valencia.es/cas/tramites/cita-previa,,2026-05-10T06:24:12.155699+00:00
304,152,OCUPACION,C/ ALZIRA,geoportal_valencia,occupacio_via_publica:260117202,INFORMATION,Consulta la afeccion antes de desplazarte,"La incidencia es leve, pero puede afectar al acceso inmediato.",35,GENERIC,ocupacion-generica,https://www.valencia.es/cas/tramites/cita-previa,,2026-05-10T06:24:12.155699+00:00
306,153,OCUPACION,Sin titulo,geoportal_valencia,occupacio_via_publica:260127101,INFORMATION,Consulta la afeccion antes de desplazarte,"La incidencia es leve, pero puede afectar al acceso inmediato.",35,GENERIC,ocupacion-generica,https://www.valencia.es/cas/tramites/cita-previa,,2026-05-10T06:24:12.155699+00:00
308,154,OCUPACION,Sin titulo,geoportal_valencia,occupacio_via_publica:260128803,INFORMATION,Consulta la afeccion antes de desplazarte,"La incidencia es leve, pero puede afectar al acceso inmediato.",35,GENERIC,ocupacion-generica,https://www.valencia.es/cas/tramites/cita-previa,,2026-05-10T06:24:12.155699+00:00
310,155,OCUPACION,C/ DEMOCRÀCIA,geoportal_valencia,occupacio_via_publica:260128201,INFORMATION,Consulta la afeccion antes de desplazarte,"La incidencia es leve, pero puede afectar al acceso inmediato.",35,GENERIC,ocupacion-generica,https://www.valencia.es/cas/tramites/cita-previa,,2026-05-10T06:24:12.155699+00:00
312,156,OCUPACION,C/ PLANAS,geoportal_valencia,occupacio_via_publica:260128301,INFORMATION,Consulta la afeccion antes de desplazarte,"La incidencia es leve, pero puede afectar al acceso inmediato.",35,GENERIC,ocupacion-generica,https://www.valencia.es/cas/tramites/cita-previa,,2026-05-10T06:24:12.155699+00:00
314,157,OCUPACION,C/ PERIODISTA JOSÉ OMBUENA,geoportal_valencia,occupacio_via_publica:260127905,INFORMATION,Consulta la afeccion antes de desplazarte,"La incidencia es leve, pero puede afectar al acceso inmediato.",35,GENERIC,ocupacion-generica,https://www.valencia.es/cas/tramites/cita-previa,,2026-05-10T06:24:12.155699+00:00
316,158,OCUPACION,AV. PÉREZ GALDÓS,geoportal_valencia,occupacio_via_publica:250227801,INFORMATION,Consulta la afeccion antes de desplazarte,"La incidencia es leve, pero puede afectar al acceso inmediato.",35,GENERIC,ocupacion-generica,https://www.valencia.es/cas/tramites/cita-previa,,2026-05-10T06:24:12.155699+00:00
318,159,OCUPACION,AV. GIORGETA,geoportal_valencia,occupacio_via_publica:250227802,INFORMATION,Consulta la afeccion antes de desplazarte,"La incidencia es leve, pero puede afectar al acceso inmediato.",35,GENERIC,ocupacion-generica,https://www.valencia.es/cas/tramites/cita-previa,,2026-05-10T06:24:12.155699+00:00
320,160,OCUPACION,C/ JESÚS,geoportal_valencia,occupacio_via_publica:250227812,INFORMATION,Consulta la afeccion antes de desplazarte,"La incidencia es leve, pero puede afectar al acceso inmediato.",35,GENERIC,ocupacion-generica,https://www.valencia.es/cas/tramites/cita-previa,,2026-05-10T06:24:12.155699+00:00
322,161,OCUPACION,C/ MARQUÉS DE CENETE,geoportal_valencia,occupacio_via_publica:250227813,INFORMATION,Consulta la afeccion antes de desplazarte,"La incidencia es leve, pero puede afectar al acceso inmediato.",35,GENERIC,ocupacion-generica,https://www.valencia.es/cas/tramites/cita-previa,,2026-05-10T06:24:12.155699+00:00
324,162,OCUPACION,PL. ARTUR PIERA,geoportal_valencia,occupacio_via_publica:250227814,INFORMATION,Consulta la afeccion antes de desplazarte,"La incidencia es leve, pero puede afectar al acceso inmediato.",35,GENERIC,ocupacion-generica,https://www.valencia.es/cas/tramites/cita-previa,,2026-05-10T06:24:12.155699+00:00
326,163,OCUPACION,C/ CARTAGENA,geoportal_valencia,occupacio_via_publica:250227815,INFORMATION,Consulta la afeccion antes de desplazarte,"La incidencia es leve, pero puede afectar al acceso inmediato.",35,GENERIC,ocupacion-generica,https://www.valencia.es/cas/tramites/cita-previa,,2026-05-10T06:24:12.155699+00:00
328,164,OCUPACION,C/ BRASIL,geoportal_valencia,occupacio_via_publica:250227816,INFORMATION,Consulta la afeccion antes de desplazarte,"La incidencia es leve, pero puede afectar al acceso inmediato.",35,GENERIC,ocupacion-generica,https://www.valencia.es/cas/tramites/cita-previa,,2026-05-10T06:24:12.155699+00:00
330,165,OCUPACION,C/ BRASIL,geoportal_valencia,occupacio_via_publica:250227817,INFORMATION,Consulta la afeccion antes de desplazarte,"La incidencia es leve, pero puede afectar al acceso inmediato.",35,GENERIC,ocupacion-generica,https://www.valencia.es/cas/tramites/cita-previa,,2026-05-10T06:24:12.155699+00:00
332,166,OCUPACION,C/ ALCALDE ALBORS,geoportal_valencia,occupacio_via_publica:250227819,INFORMATION,Consulta la afeccion antes de desplazarte,"La incidencia es leve, pero puede afectar al acceso inmediato.",35,GENERIC,ocupacion-generica,https://www.valencia.es/cas/tramites/cita-previa,,2026-05-10T06:24:12.155699+00:00
334,167,OCUPACION,C/ OLIVERETA,geoportal_valencia,occupacio_via_publica:250227820,INFORMATION,Consulta la afeccion antes de desplazarte,"La incidencia es leve, pero puede afectar al acceso inmediato.",35,GENERIC,ocupacion-generica,https://www.valencia.es/cas/tramites/cita-previa,,2026-05-10T06:24:12.155699+00:00
336,168,OCUPACION,AV. PÉREZ GALDÓS,geoportal_valencia,occupacio_via_publica:250227825,INFORMATION,Consulta la afeccion antes de desplazarte,"La incidencia es leve, pero puede afectar al acceso inmediato.",35,GENERIC,ocupacion-generica,https://www.valencia.es/cas/tramites/cita-previa,,2026-05-10T06:24:12.155699+00:00
338,169,OCUPACION,C/ HEROI ROMEU,geoportal_valencia,occupacio_via_publica:250227826,INFORMATION,Consulta la afeccion antes de desplazarte,"La incidencia es leve, pero puede afectar al acceso inmediato.",35,GENERIC,ocupacion-generica,https://www.valencia.es/cas/tramites/cita-previa,,2026-05-10T06:24:12.155699+00:00
340,170,OCUPACION,C/ AIORA,geoportal_valencia,occupacio_via_publica:250227827,INFORMATION,Consulta la afeccion antes de desplazarte,"La incidencia es leve, pero puede afectar al acceso inmediato.",35,GENERIC,ocupacion-generica,https://www.valencia.es/cas/tramites/cita-previa,,2026-05-10T06:24:12.155699+00:00
342,171,OCUPACION,AV. PÉREZ GALDÓS,geoportal_valencia,occupacio_via_publica:250227828,INFORMATION,Consulta la afeccion antes de desplazarte,"La incidencia es leve, pero puede afectar al acceso inmediato.",35,GENERIC,ocupacion-generica,https://www.valencia.es/cas/tramites/cita-previa,,2026-05-10T06:24:12.155699+00:00
344,172,OCUPACION,C/ LINARES,geoportal_valencia,occupacio_via_publica:250227830,INFORMATION,Consulta la afeccion antes de desplazarte,"La incidencia es leve, pero puede afectar al acceso inmediato.",35,GENERIC,ocupacion-generica,https://www.valencia.es/cas/tramites/cita-previa,,2026-05-10T06:24:12.155699+00:00
346,173,OCUPACION,C/ LLORCA,geoportal_valencia,occupacio_via_publica:250227838,INFORMATION,Consulta la afeccion antes de desplazarte,"La incidencia es leve, pero puede afectar al acceso inmediato.",35,GENERIC,ocupacion-generica,https://www.valencia.es/cas/tramites/cita-previa,,2026-05-10T06:24:12.155699+00:00
348,174,OCUPACION,C/ PINTOR NAVARRO LLORENS,geoportal_valencia,occupacio_via_publica:250227842,INFORMATION,Consulta la afeccion antes de desplazarte,"La incidencia es leve, pero puede afectar al acceso inmediato.",35,GENERIC,ocupacion-generica,https://www.valencia.es/cas/tramites/cita-previa,,2026-05-10T06:24:12.155699+00:00
350,175,OCUPACION,C/ BORRASCA,geoportal_valencia,occupacio_via_publica:260013101,INFORMATION,Consulta la afeccion antes de desplazarte,"La incidencia es leve, pero puede afectar al acceso inmediato.",35,GENERIC,ocupacion-generica,https://www.valencia.es/cas/tramites/cita-previa,,2026-05-10T06:24:12.155699+00:00
352,176,OCUPACION,Sin titulo,geoportal_valencia,occupacio_via_publica:250085837,INFORMATION,Consulta la afeccion antes de desplazarte,"La incidencia es leve, pero puede afectar al acceso inmediato.",35,GENERIC,ocupacion-generica,https://www.valencia.es/cas/tramites/cita-previa,,2026-05-10T06:24:12.155699+00:00
354,177,OCUPACION,Sin titulo,geoportal_valencia,occupacio_via_publica:250085836,INFORMATION,Consulta la afeccion antes de desplazarte,"La incidencia es leve, pero puede afectar al acceso inmediato.",35,GENERIC,ocupacion-generica,https://www.valencia.es/cas/tramites/cita-previa,,2026-05-10T06:24:12.155699+00:00
356,178,OCUPACION,C/ SEGÀRIA,geoportal_valencia,occupacio_via_publica:260132801,INFORMATION,Consulta la afeccion antes de desplazarte,"La incidencia es leve, pero puede afectar al acceso inmediato.",35,GENERIC,ocupacion-generica,https://www.valencia.es/cas/tramites/cita-previa,,2026-05-10T06:24:12.155699+00:00
358,179,OCUPACION,PG. ALBEREDA,geoportal_valencia,occupacio_via_publica:260132301,INFORMATION,Consulta la afeccion antes de desplazarte,"La incidencia es leve, pero puede afectar al acceso inmediato.",35,GENERIC,ocupacion-generica,https://www.valencia.es/cas/tramites/cita-previa,,2026-05-10T06:24:12.155699+00:00
360,180,OCUPACION,PG. PETXINA,geoportal_valencia,occupacio_via_publica:260132101,INFORMATION,Consulta la afeccion antes de desplazarte,"La incidencia es leve, pero puede afectar al acceso inmediato.",35,GENERIC,ocupacion-generica,https://www.valencia.es/cas/tramites/cita-previa,,2026-05-10T06:24:12.155699+00:00
362,181,OCUPACION,C/ CERDÀ I RICO,geoportal_valencia,occupacio_via_publica:260107303,INFORMATION,Consulta la afeccion antes de desplazarte,"La incidencia es leve, pero puede afectar al acceso inmediato.",35,GENERIC,ocupacion-generica,https://www.valencia.es/cas/tramites/cita-previa,,2026-05-10T06:24:12.155699+00:00
364,182,OCUPACION,C/ SEGÀRIA,geoportal_valencia,occupacio_via_publica:260132802,INFORMATION,Consulta la afeccion antes de desplazarte,"La incidencia es leve, pero puede afectar al acceso inmediato.",35,GENERIC,ocupacion-generica,https://www.valencia.es/cas/tramites/cita-previa,,2026-05-10T06:24:12.155699+00:00
366,183,OCUPACION,Sin titulo,geoportal_valencia,occupacio_via_publica:260135002,INFORMATION,Consulta la afeccion antes de desplazarte,"La incidencia es leve, pero puede afectar al acceso inmediato.",35,GENERIC,ocupacion-generica,https://www.valencia.es/cas/tramites/cita-previa,,2026-05-10T06:24:12.155699+00:00
368,184,OCUPACION,Sin titulo,geoportal_valencia,occupacio_via_publica:260046303,INFORMATION,Consulta la afeccion antes de desplazarte,"La incidencia es leve, pero puede afectar al acceso inmediato.",35,GENERIC,ocupacion-generica,https://www.valencia.es/cas/tramites/cita-previa,,2026-05-10T06:24:12.155699+00:00
370,185,OCUPACION,C/ DOCTOR PÉREZ FELIU,geoportal_valencia,occupacio_via_publica:260106302,INFORMATION,Consulta la afeccion antes de desplazarte,"La incidencia es leve, pero puede afectar al acceso inmediato.",35,GENERIC,ocupacion-generica,https://www.valencia.es/cas/tramites/cita-previa,,2026-05-10T06:24:12.155699+00:00
372,186,OCUPACION,C/ CONVENT DELS CARMELITES,geoportal_valencia,occupacio_via_publica:260068302,INFORMATION,Consulta la afeccion antes de desplazarte,"La incidencia es leve, pero puede afectar al acceso inmediato.",35,GENERIC,ocupacion-generica,https://www.valencia.es/cas/tramites/cita-previa,,2026-05-10T06:24:12.155699+00:00
374,187,OCUPACION,C/ SANTS JUST I PASTOR,geoportal_valencia,occupacio_via_publica:260139401,INFORMATION,Consulta la afeccion antes de desplazarte,"La incidencia es leve, pero puede afectar al acceso inmediato.",35,GENERIC,ocupacion-generica,https://www.valencia.es/cas/tramites/cita-previa,,2026-05-10T06:24:12.155699+00:00
376,188,OCUPACION,Sin titulo,geoportal_valencia,occupacio_via_publica:260140301,INFORMATION,Consulta la afeccion antes de desplazarte,"La incidencia es leve, pero puede afectar al acceso inmediato.",35,GENERIC,ocupacion-generica,https://www.valencia.es/cas/tramites/cita-previa,,2026-05-10T06:24:12.155699+00:00
378,189,OCUPACION,Sin titulo,geoportal_valencia,occupacio_via_publica:260140302,INFORMATION,Consulta la afeccion antes de desplazarte,"La incidencia es leve, pero puede afectar al acceso inmediato.",35,GENERIC,ocupacion-generica,https://www.valencia.es/cas/tramites/cita-previa,,2026-05-10T06:24:12.155699+00:00
380,190,OCUPACION,C/ ILLA FORMENTERA,geoportal_valencia,occupacio_via_publica:260137901,INFORMATION,Consulta la afeccion antes de desplazarte,"La incidencia es leve, pero puede afectar al acceso inmediato.",35,GENERIC,ocupacion-generica,https://www.valencia.es/cas/tramites/cita-previa,,2026-05-10T06:24:12.155699+00:00
382,191,OCUPACION,Sin titulo,geoportal_valencia,occupacio_via_publica:260137301,INFORMATION,Consulta la afeccion antes de desplazarte,"La incidencia es leve, pero puede afectar al acceso inmediato.",35,GENERIC,ocupacion-generica,https://www.valencia.es/cas/tramites/cita-previa,,2026-05-10T06:24:12.155699+00:00
384,192,OCUPACION,AV. GIORGETA,geoportal_valencia,occupacio_via_publica:260137801,INFORMATION,Consulta la afeccion antes de desplazarte,"La incidencia es leve, pero puede afectar al acceso inmediato.",35,GENERIC,ocupacion-generica,https://www.valencia.es/cas/tramites/cita-previa,,2026-05-10T06:24:12.155699+00:00
386,193,OCUPACION,C/ COMTE DE TORREFIEL,geoportal_valencia,occupacio_via_publica:260137101,INFORMATION,Consulta la afeccion antes de desplazarte,"La incidencia es leve, pero puede afectar al acceso inmediato.",35,GENERIC,ocupacion-generica,https://www.valencia.es/cas/tramites/cita-previa,,2026-05-10T06:24:12.155699+00:00
388,194,OCUPACION,Sin titulo,geoportal_valencia,occupacio_via_publica:250871506,INFORMATION,Consulta la afeccion antes de desplazarte,"La incidencia es leve, pero puede afectar al acceso inmediato.",35,GENERIC,ocupacion-generica,https://www.valencia.es/cas/tramites/cita-previa,,2026-05-10T06:24:12.155699+00:00
390,195,OCUPACION,Sin titulo,geoportal_valencia,occupacio_via_publica:260142301,INFORMATION,Consulta la afeccion antes de desplazarte,"La incidencia es leve, pero puede afectar al acceso inmediato.",35,GENERIC,ocupacion-generica,https://www.valencia.es/cas/tramites/cita-previa,,2026-05-10T06:24:12.155699+00:00
392,196,OCUPACION,Sin titulo,geoportal_valencia,occupacio_via_publica:251005413,INFORMATION,Consulta la afeccion antes de desplazarte,"La incidencia es leve, pero puede afectar al acceso inmediato.",35,GENERIC,ocupacion-generica,https://www.valencia.es/cas/tramites/cita-previa,,2026-05-10T06:24:12.155699+00:00
394,197,OCUPACION,Sin titulo,geoportal_valencia,occupacio_via_publica:260141901,INFORMATION,Consulta la afeccion antes de desplazarte,"La incidencia es leve, pero puede afectar al acceso inmediato.",35,GENERIC,ocupacion-generica,https://www.valencia.es/cas/tramites/cita-previa,,2026-05-10T06:24:12.155699+00:00
396,198,OCUPACION,Sin titulo,geoportal_valencia,occupacio_via_publica:260141903,INFORMATION,Consulta la afeccion antes de desplazarte,"La incidencia es leve, pero puede afectar al acceso inmediato.",35,GENERIC,ocupacion-generica,https://www.valencia.es/cas/tramites/cita-previa,,2026-05-10T06:24:12.155699+00:00
398,199,OCUPACION,Sin titulo,geoportal_valencia,occupacio_via_publica:260141902,INFORMATION,Consulta la afeccion antes de desplazarte,"La incidencia es leve, pero puede afectar al acceso inmediato.",35,GENERIC,ocupacion-generica,https://www.valencia.es/cas/tramites/cita-previa,,2026-05-10T06:24:12.155699+00:00
400,200,OCUPACION,Sin titulo,geoportal_valencia,occupacio_via_publica:260141201,INFORMATION,Consulta la afeccion antes de desplazarte,"La incidencia es leve, pero puede afectar al acceso inmediato.",35,GENERIC,ocupacion-generica,https://www.valencia.es/cas/tramites/cita-previa,,2026-05-10T06:24:12.155699+00:00
402,201,OCUPACION,Sin titulo,geoportal_valencia,occupacio_via_publica:260141601,INFORMATION,Consulta la afeccion antes de desplazarte,"La incidencia es leve, pero puede afectar al acceso inmediato.",35,GENERIC,ocupacion-generica,https://www.valencia.es/cas/tramites/cita-previa,,2026-05-10T06:24:12.155699+00:00
404,202,OCUPACION,Sin titulo,geoportal_valencia,occupacio_via_publica:260142401,INFORMATION,Consulta la afeccion antes de desplazarte,"La incidencia es leve, pero puede afectar al acceso inmediato.",35,GENERIC,ocupacion-generica,https://www.valencia.es/cas/tramites/cita-previa,,2026-05-10T06:24:12.155699+00:00
406,203,OCUPACION,Sin titulo,geoportal_valencia,occupacio_via_publica:260143201,INFORMATION,Consulta la afeccion antes de desplazarte,"La incidencia es leve, pero puede afectar al acceso inmediato.",35,GENERIC,ocupacion-generica,https://www.valencia.es/cas/tramites/cita-previa,,2026-05-10T06:24:12.155699+00:00
408,204,OCUPACION,Sin titulo,geoportal_valencia,occupacio_via_publica:260142502,INFORMATION,Consulta la afeccion antes de desplazarte,"La incidencia es leve, pero puede afectar al acceso inmediato.",35,GENERIC,ocupacion-generica,https://www.valencia.es/cas/tramites/cita-previa,,2026-05-10T06:24:12.155699+00:00
410,205,OCUPACION,Sin titulo,geoportal_valencia,occupacio_via_publica:260142501,INFORMATION,Consulta la afeccion antes de desplazarte,"La incidencia es leve, pero puede afectar al acceso inmediato.",35,GENERIC,ocupacion-generica,https://www.valencia.es/cas/tramites/cita-previa,,2026-05-10T06:24:12.155699+00:00
412,206,OCUPACION,Sin titulo,geoportal_valencia,occupacio_via_publica:260146901,INFORMATION,Consulta la afeccion antes de desplazarte,"La incidencia es leve, pero puede afectar al acceso inmediato.",35,GENERIC,ocupacion-generica,https://www.valencia.es/cas/tramites/cita-previa,,2026-05-10T06:24:12.155699+00:00
414,207,OCUPACION,LLOC. PONT DE L'ASSUT DE L'OR,geoportal_valencia,occupacio_via_publica:260143901,INFORMATION,Consulta la afeccion antes de desplazarte,"La incidencia es leve, pero puede afectar al acceso inmediato.",35,GENERIC,ocupacion-generica,https://www.valencia.es/cas/tramites/cita-previa,,2026-05-10T06:24:12.155699+00:00
416,208,OCUPACION,Sin titulo,geoportal_valencia,occupacio_via_publica:260095406,INFORMATION,Consulta la afeccion antes de desplazarte,"La incidencia es leve, pero puede afectar al acceso inmediato.",35,GENERIC,ocupacion-generica,https://www.valencia.es/cas/tramites/cita-previa,,2026-05-10T06:24:12.155699+00:00
418,209,OCUPACION,Sin titulo,geoportal_valencia,occupacio_via_publica:260146501,INFORMATION,Consulta la afeccion antes de desplazarte,"La incidencia es leve, pero puede afectar al acceso inmediato.",35,GENERIC,ocupacion-generica,https://www.valencia.es/cas/tramites/cita-previa,,2026-05-10T06:24:12.155699+00:00
420,210,OCUPACION,Sin titulo,geoportal_valencia,occupacio_via_publica:260147301,INFORMATION,Consulta la afeccion antes de desplazarte,"La incidencia es leve, pero puede afectar al acceso inmediato.",35,GENERIC,ocupacion-generica,https://www.valencia.es/cas/tramites/cita-previa,,2026-05-10T06:24:12.155699+00:00
422,211,OCUPACION,Sin titulo,geoportal_valencia,occupacio_via_publica:260146601,INFORMATION,Consulta la afeccion antes de desplazarte,"La incidencia es leve, pero puede afectar al acceso inmediato.",35,GENERIC,ocupacion-generica,https://www.valencia.es/cas/tramites/cita-previa,,2026-05-10T06:24:12.155699+00:00
424,212,OCUPACION,Sin titulo,geoportal_valencia,occupacio_via_publica:260144301,INFORMATION,Consulta la afeccion antes de desplazarte,"La incidencia es leve, pero puede afectar al acceso inmediato.",35,GENERIC,ocupacion-generica,https://www.valencia.es/cas/tramites/cita-previa,,2026-05-10T06:24:12.155699+00:00
426,213,OCUPACION,Sin titulo,geoportal_valencia,occupacio_via_publica:260095407,INFORMATION,Consulta la afeccion antes de desplazarte,"La incidencia es leve, pero puede afectar al acceso inmediato.",35,GENERIC,ocupacion-generica,https://www.valencia.es/cas/tramites/cita-previa,,2026-05-10T06:24:12.155699+00:00
428,214,OCUPACION,C/ BONIFACI FERRER,geoportal_valencia,occupacio_via_publica:260144101,INFORMATION,Consulta la afeccion antes de desplazarte,"La incidencia es leve, pero puede afectar al acceso inmediato.",35,GENERIC,ocupacion-generica,https://www.valencia.es/cas/tramites/cita-previa,,2026-05-10T06:24:12.155699+00:00
430,215,OCUPACION,C/ AIORA,geoportal_valencia,occupacio_via_publica:260119703,INFORMATION,Consulta la afeccion antes de desplazarte,"La incidencia es leve, pero puede afectar al acceso inmediato.",35,GENERIC,ocupacion-generica,https://www.valencia.es/cas/tramites/cita-previa,,2026-05-10T06:24:12.155699+00:00
432,216,OCUPACION,Sin titulo,geoportal_valencia,occupacio_via_publica:260145301,INFORMATION,Consulta la afeccion antes de desplazarte,"La incidencia es leve, pero puede afectar al acceso inmediato.",35,GENERIC,ocupacion-generica,https://www.valencia.es/cas/tramites/cita-previa,,2026-05-10T06:24:12.155699+00:00
434,217,OCUPACION,Sin titulo,geoportal_valencia,occupacio_via_publica:260145701,INFORMATION,Consulta la afeccion antes de desplazarte,"La incidencia es leve, pero puede afectar al acceso inmediato.",35,GENERIC,ocupacion-generica,https://www.valencia.es/cas/tramites/cita-previa,,2026-05-10T06:24:12.155699+00:00
436,218,OCUPACION,Sin titulo,geoportal_valencia,occupacio_via_publica:260146401,INFORMATION,Consulta la afeccion antes de desplazarte,"La incidencia es leve, pero puede afectar al acceso inmediato.",35,GENERIC,ocupacion-generica,https://www.valencia.es/cas/tramites/cita-previa,,2026-05-10T06:24:12.155699+00:00
438,219,OCUPACION,Sin titulo,geoportal_valencia,occupacio_via_publica:260144701,INFORMATION,Consulta la afeccion antes de desplazarte,"La incidencia es leve, pero puede afectar al acceso inmediato.",35,GENERIC,ocupacion-generica,https://www.valencia.es/cas/tramites/cita-previa,,2026-05-10T06:24:12.155699+00:00
440,220,OCUPACION,Sin titulo,geoportal_valencia,occupacio_via_publica:260148201,INFORMATION,Consulta la afeccion antes de desplazarte,"La incidencia es leve, pero puede afectar al acceso inmediato.",35,GENERIC,ocupacion-generica,https://www.valencia.es/cas/tramites/cita-previa,,2026-05-10T06:24:12.155699+00:00
442,221,OCUPACION,Sin titulo,geoportal_valencia,occupacio_via_publica:260148901,INFORMATION,Consulta la afeccion antes de desplazarte,"La incidencia es leve, pero puede afectar al acceso inmediato.",35,GENERIC,ocupacion-generica,https://www.valencia.es/cas/tramites/cita-previa,,2026-05-10T06:24:12.155699+00:00
444,222,OCUPACION,C/ CALAMOCHA,geoportal_valencia,occupacio_via_publica:260149701,INFORMATION,Consulta la afeccion antes de desplazarte,"La incidencia es leve, pero puede afectar al acceso inmediato.",35,GENERIC,ocupacion-generica,https://www.valencia.es/cas/tramites/cita-previa,,2026-05-10T06:24:12.155699+00:00
446,223,OCUPACION,Sin titulo,geoportal_valencia,occupacio_via_publica:260147801,INFORMATION,Consulta la afeccion antes de desplazarte,"La incidencia es leve, pero puede afectar al acceso inmediato.",35,GENERIC,ocupacion-generica,https://www.valencia.es/cas/tramites/cita-previa,,2026-05-10T06:24:12.155699+00:00
448,224,OCUPACION,Sin titulo,geoportal_valencia,occupacio_via_publica:260115802,INFORMATION,Consulta la afeccion antes de desplazarte,"La incidencia es leve, pero puede afectar al acceso inmediato.",35,GENERIC,ocupacion-generica,https://www.valencia.es/cas/tramites/cita-previa,,2026-05-10T06:24:12.155699+00:00
450,225,OCUPACION,Sin titulo,geoportal_valencia,occupacio_via_publica:260148101,INFORMATION,Consulta la afeccion antes de desplazarte,"La incidencia es leve, pero puede afectar al acceso inmediato.",35,GENERIC,ocupacion-generica,https://www.valencia.es/cas/tramites/cita-previa,,2026-05-10T06:24:12.155699+00:00
452,226,OCUPACION,Sin titulo,geoportal_valencia,occupacio_via_publica:260126004,INFORMATION,Consulta la afeccion antes de desplazarte,"La incidencia es leve, pero puede afectar al acceso inmediato.",35,GENERIC,ocupacion-generica,https://www.valencia.es/cas/tramites/cita-previa,,2026-05-10T06:24:12.155699+00:00
454,227,OCUPACION,Sin titulo,geoportal_valencia,occupacio_via_publica:260148501,INFORMATION,Consulta la afeccion antes de desplazarte,"La incidencia es leve, pero puede afectar al acceso inmediato.",35,GENERIC,ocupacion-generica,https://www.valencia.es/cas/tramites/cita-previa,,2026-05-10T06:24:12.155699+00:00
456,228,OCUPACION,Sin titulo,geoportal_valencia,occupacio_via_publica:260148401,INFORMATION,Consulta la afeccion antes de desplazarte,"La incidencia es leve, pero puede afectar al acceso inmediato.",35,GENERIC,ocupacion-generica,https://www.valencia.es/cas/tramites/cita-previa,,2026-05-10T06:24:12.155699+00:00
458,229,OCUPACION,Sin titulo,geoportal_valencia,occupacio_via_publica:260148001,INFORMATION,Consulta la afeccion antes de desplazarte,"La incidencia es leve, pero puede afectar al acceso inmediato.",35,GENERIC,ocupacion-generica,https://www.valencia.es/cas/tramites/cita-previa,,2026-05-10T06:24:12.155699+00:00
460,230,OCUPACION,Sin titulo,geoportal_valencia,occupacio_via_publica:260148601,INFORMATION,Consulta la afeccion antes de desplazarte,"La incidencia es leve, pero puede afectar al acceso inmediato.",35,GENERIC,ocupacion-generica,https://www.valencia.es/cas/tramites/cita-previa,,2026-05-10T06:24:12.155699+00:00
462,231,OCUPACION,Sin titulo,geoportal_valencia,occupacio_via_publica:260148701,INFORMATION,Consulta la afeccion antes de desplazarte,"La incidencia es leve, pero puede afectar al acceso inmediato.",35,GENERIC,ocupacion-generica,https://www.valencia.es/cas/tramites/cita-previa,,2026-05-10T06:24:12.155699+00:00
464,232,OCUPACION,Sin titulo,geoportal_valencia,occupacio_via_publica:260106404,INFORMATION,Consulta la afeccion antes de desplazarte,"La incidencia es leve, pero puede afectar al acceso inmediato.",35,GENERIC,ocupacion-generica,https://www.valencia.es/cas/tramites/cita-previa,,2026-05-10T06:24:12.155699+00:00
466,233,OCUPACION,Sin titulo,geoportal_valencia,occupacio_via_publica:260149501,INFORMATION,Consulta la afeccion antes de desplazarte,"La incidencia es leve, pero puede afectar al acceso inmediato.",35,GENERIC,ocupacion-generica,https://www.valencia.es/cas/tramites/cita-previa,,2026-05-10T06:24:12.155699+00:00
468,234,OCUPACION,C/ COLÓN,geoportal_valencia,occupacio_via_publica:260115102,INFORMATION,Consulta la afeccion antes de desplazarte,"La incidencia es leve, pero puede afectar al acceso inmediato.",35,GENERIC,ocupacion-generica,https://www.valencia.es/cas/tramites/cita-previa,,2026-05-10T06:24:12.155699+00:00
470,235,OCUPACION,Sin titulo,geoportal_valencia,occupacio_via_publica:260106403,INFORMATION,Consulta la afeccion antes de desplazarte,"La incidencia es leve, pero puede afectar al acceso inmediato.",35,GENERIC,ocupacion-generica,https://www.valencia.es/cas/tramites/cita-previa,,2026-05-10T06:24:12.155699+00:00
472,236,OCUPACION,Sin titulo,geoportal_valencia,occupacio_via_publica:260116602,INFORMATION,Consulta la afeccion antes de desplazarte,"La incidencia es leve, pero puede afectar al acceso inmediato.",35,GENERIC,ocupacion-generica,https://www.valencia.es/cas/tramites/cita-previa,,2026-05-10T06:24:12.155699+00:00
474,237,OCUPACION,C/ FARINA,geoportal_valencia,occupacio_via_publica:260151101,INFORMATION,Consulta la afeccion antes de desplazarte,"La incidencia es leve, pero puede afectar al acceso inmediato.",35,GENERIC,ocupacion-generica,https://www.valencia.es/cas/tramites/cita-previa,,2026-05-10T06:24:12.155699+00:00
476,238,OCUPACION,Sin titulo,geoportal_valencia,occupacio_via_publica:260134102,INFORMATION,Consulta la afeccion antes de desplazarte,"La incidencia es leve, pero puede afectar al acceso inmediato.",35,GENERIC,ocupacion-generica,https://www.valencia.es/cas/tramites/cita-previa,,2026-05-10T06:24:12.155699+00:00
478,239,OCUPACION,Sin titulo,geoportal_valencia,occupacio_via_publica:260139504,INFORMATION,Consulta la afeccion antes de desplazarte,"La incidencia es leve, pero puede afectar al acceso inmediato.",35,GENERIC,ocupacion-generica,https://www.valencia.es/cas/tramites/cita-previa,,2026-05-10T06:24:12.155699+00:00
480,240,OCUPACION,Sin titulo,geoportal_valencia,occupacio_via_publica:260141002,INFORMATION,Consulta la afeccion antes de desplazarte,"La incidencia es leve, pero puede afectar al acceso inmediato.",35,GENERIC,ocupacion-generica,https://www.valencia.es/cas/tramites/cita-previa,,2026-05-10T06:24:12.155699+00:00
482,241,OCUPACION,C/ LLIMERA,geoportal_valencia,occupacio_via_publica:260151102,INFORMATION,Consulta la afeccion antes de desplazarte,"La incidencia es leve, pero puede afectar al acceso inmediato.",35,GENERIC,ocupacion-generica,https://www.valencia.es/cas/tramites/cita-previa,,2026-05-10T06:24:12.155699+00:00
484,242,OCUPACION,Sin titulo,geoportal_valencia,occupacio_via_publica:260141001,INFORMATION,Consulta la afeccion antes de desplazarte,"La incidencia es leve, pero puede afectar al acceso inmediato.",35,GENERIC,ocupacion-generica,https://www.valencia.es/cas/tramites/cita-previa,,2026-05-10T06:24:12.155699+00:00
486,243,OCUPACION,Sin titulo,geoportal_valencia,occupacio_via_publica:260130402,INFORMATION,Consulta la afeccion antes de desplazarte,"La incidencia es leve, pero puede afectar al acceso inmediato.",35,GENERIC,ocupacion-generica,https://www.valencia.es/cas/tramites/cita-previa,,2026-05-10T06:24:12.155699+00:00
488,244,OCUPACION,Sin titulo,geoportal_valencia,occupacio_via_publica:260130504,INFORMATION,Consulta la afeccion antes de desplazarte,"La incidencia es leve, pero puede afectar al acceso inmediato.",35,GENERIC,ocupacion-generica,https://www.valencia.es/cas/tramites/cita-previa,,2026-05-10T06:24:12.155699+00:00
490,245,OCUPACION,Sin titulo,geoportal_valencia,occupacio_via_publica:260141102,INFORMATION,Consulta la afeccion antes de desplazarte,"La incidencia es leve, pero puede afectar al acceso inmediato.",35,GENERIC,ocupacion-generica,https://www.valencia.es/cas/tramites/cita-previa,,2026-05-10T06:24:12.155699+00:00
492,246,OCUPACION,Sin titulo,geoportal_valencia,occupacio_via_publica:260130303,INFORMATION,Consulta la afeccion antes de desplazarte,"La incidencia es leve, pero puede afectar al acceso inmediato.",35,GENERIC,ocupacion-generica,https://www.valencia.es/cas/tramites/cita-previa,,2026-05-10T06:24:12.155699+00:00
494,247,OCUPACION,Sin titulo,geoportal_valencia,occupacio_via_publica:260044008,INFORMATION,Consulta la afeccion antes de desplazarte,"La incidencia es leve, pero puede afectar al acceso inmediato.",35,GENERIC,ocupacion-generica,https://www.valencia.es/cas/tramites/cita-previa,,2026-05-10T06:24:12.155699+00:00
496,248,OCUPACION,Sin titulo,geoportal_valencia,occupacio_via_publica:260130505,INFORMATION,Consulta la afeccion antes de desplazarte,"La incidencia es leve, pero puede afectar al acceso inmediato.",35,GENERIC,ocupacion-generica,https://www.valencia.es/cas/tramites/cita-previa,,2026-05-10T06:24:12.155699+00:00
498,249,OCUPACION,Sin titulo,geoportal_valencia,occupacio_via_publica:260143502,INFORMATION,Consulta la afeccion antes de desplazarte,"La incidencia es leve, pero puede afectar al acceso inmediato.",35,GENERIC,ocupacion-generica,https://www.valencia.es/cas/tramites/cita-previa,,2026-05-10T06:24:12.155699+00:00
500,250,OCUPACION,Sin titulo,geoportal_valencia,occupacio_via_publica:260136804,INFORMATION,Consulta la afeccion antes de desplazarte,"La incidencia es leve, pero puede afectar al acceso inmediato.",35,GENERIC,ocupacion-generica,https://www.valencia.es/cas/tramites/cita-previa,,2026-05-10T06:24:12.155699+00:00
502,251,OCUPACION,C/ FRANCESC DE LLANO,geoportal_valencia,occupacio_via_publica:260095002,INFORMATION,Consulta la afeccion antes de desplazarte,"La incidencia es leve, pero puede afectar al acceso inmediato.",35,GENERIC,ocupacion-generica,https://www.valencia.es/cas/tramites/cita-previa,,2026-05-10T06:24:12.155699+00:00
504,252,OCUPACION,Sin titulo,geoportal_valencia,occupacio_via_publica:260136701,INFORMATION,Consulta la afeccion antes de desplazarte,"La incidencia es leve, pero puede afectar al acceso inmediato.",35,GENERIC,ocupacion-generica,https://www.valencia.es/cas/tramites/cita-previa,,2026-05-10T06:24:12.155699+00:00
506,253,OCUPACION,Sin titulo,geoportal_valencia,occupacio_via_publica:260149301,INFORMATION,Consulta la afeccion antes de desplazarte,"La incidencia es leve, pero puede afectar al acceso inmediato.",35,GENERIC,ocupacion-generica,https://www.valencia.es/cas/tramites/cita-previa,,2026-05-10T06:24:12.155699+00:00
509,664,OCUPACION,C/ BENETÚSSER,geoportal_valencia,occupacio_via_publica:395356,INFORMATION,Consulta la afeccion antes de desplazarte,"La incidencia es leve, pero puede afectar al acceso inmediato.",35,GENERIC,ocupacion-generica,https://www.valencia.es/cas/tramites/cita-previa,,2026-05-17T10:22:03.177124+00:00
512,665,OCUPACION,C/ TORRES,geoportal_valencia,occupacio_via_publica:395695,INFORMATION,Consulta la afeccion antes de desplazarte,"La incidencia es leve, pero puede afectar al acceso inmediato.",35,GENERIC,ocupacion-generica,https://www.valencia.es/cas/tramites/cita-previa,,2026-05-17T10:22:03.177124+00:00
515,666,OCUPACION,C/ PABLO MELÉNDEZ,geoportal_valencia,occupacio_via_publica:395949,INFORMATION,Consulta la afeccion antes de desplazarte,"La incidencia es leve, pero puede afectar al acceso inmediato.",35,GENERIC,ocupacion-generica,https://www.valencia.es/cas/tramites/cita-previa,,2026-05-17T10:22:03.177124+00:00
518,667,OCUPACION,C/ JOSÉ GROLLO,geoportal_valencia,occupacio_via_publica:260147701,INFORMATION,Consulta la afeccion antes de desplazarte,"La incidencia es leve, pero puede afectar al acceso inmediato.",35,GENERIC,ocupacion-generica,https://www.valencia.es/cas/tramites/cita-previa,,2026-05-17T10:22:03.177124+00:00
521,668,OCUPACION,C/ JOSEP BENLLIURE,geoportal_valencia,occupacio_via_publica:240298803,INFORMATION,Consulta la afeccion antes de desplazarte,"La incidencia es leve, pero puede afectar al acceso inmediato.",35,GENERIC,ocupacion-generica,https://www.valencia.es/cas/tramites/cita-previa,,2026-05-17T10:22:03.177124+00:00
524,669,OCUPACION,C/ ESCALANTE,geoportal_valencia,occupacio_via_publica:240298804,INFORMATION,Consulta la afeccion antes de desplazarte,"La incidencia es leve, pero puede afectar al acceso inmediato.",35,GENERIC,ocupacion-generica,https://www.valencia.es/cas/tramites/cita-previa,,2026-05-17T10:22:03.177124+00:00
527,670,OCUPACION,PL. CALABUIG,geoportal_valencia,occupacio_via_publica:260149401,INFORMATION,Consulta la afeccion antes de desplazarte,"La incidencia es leve, pero puede afectar al acceso inmediato.",35,GENERIC,ocupacion-generica,https://www.valencia.es/cas/tramites/cita-previa,,2026-05-17T10:22:03.177124+00:00
530,671,OCUPACION,C/ LLAVADOR,geoportal_valencia,occupacio_via_publica:260151202,INFORMATION,Consulta la afeccion antes de desplazarte,"La incidencia es leve, pero puede afectar al acceso inmediato.",35,GENERIC,ocupacion-generica,https://www.valencia.es/cas/tramites/cita-previa,,2026-05-17T10:22:03.177124+00:00
541,674,OCUPACION,C/ FRANCESC EIXIMENIS,geoportal_valencia,occupacio_via_publica:260151201,INFORMATION,Consulta la afeccion antes de desplazarte,"La incidencia es leve, pero puede afectar al acceso inmediato.",35,GENERIC,ocupacion-generica,https://www.valencia.es/cas/tramites/cita-previa,,2026-05-17T10:22:03.177124+00:00
544,675,OCUPACION,PL. BARÓ DE CORTES,geoportal_valencia,occupacio_via_publica:260153201,INFORMATION,Consulta la afeccion antes de desplazarte,"La incidencia es leve, pero puede afectar al acceso inmediato.",35,GENERIC,ocupacion-generica,https://www.valencia.es/cas/tramites/cita-previa,,2026-05-17T10:22:03.177124+00:00
555,678,OCUPACION,C/ SANT VICENT MÀRTIR,geoportal_valencia,occupacio_via_publica:260152701,INFORMATION,Consulta la afeccion antes de desplazarte,"La incidencia es leve, pero puede afectar al acceso inmediato.",35,GENERIC,ocupacion-generica,https://www.valencia.es/cas/tramites/cita-previa,,2026-05-17T10:22:03.177124+00:00
558,679,OCUPACION,AV. CAMPANAR,geoportal_valencia,occupacio_via_publica:260154601,INFORMATION,Consulta la afeccion antes de desplazarte,"La incidencia es leve, pero puede afectar al acceso inmediato.",35,GENERIC,ocupacion-generica,https://www.valencia.es/cas/tramites/cita-previa,,2026-05-17T10:22:03.177124+00:00
565,681,OCUPACION,C/ MESTRE ALBERTO LUZ,geoportal_valencia,occupacio_via_publica:260153801,INFORMATION,Consulta la afeccion antes de desplazarte,"La incidencia es leve, pero puede afectar al acceso inmediato.",35,GENERIC,ocupacion-generica,https://www.valencia.es/cas/tramites/cita-previa,,2026-05-17T10:22:03.177124+00:00
580,685,OCUPACION,C/ SUECA,geoportal_valencia,occupacio_via_publica:260155201,INFORMATION,Consulta la afeccion antes de desplazarte,"La incidencia es leve, pero puede afectar al acceso inmediato.",35,GENERIC,ocupacion-generica,https://www.valencia.es/cas/tramites/cita-previa,,2026-05-17T10:22:03.177124+00:00
583,686,OCUPACION,C/ GIMÉNEZ I COSTA,geoportal_valencia,occupacio_via_publica:260157101,INFORMATION,Consulta la afeccion antes de desplazarte,"La incidencia es leve, pero puede afectar al acceso inmediato.",35,GENERIC,ocupacion-generica,https://www.valencia.es/cas/tramites/cita-previa,,2026-05-17T10:22:03.177124+00:00
586,687,OCUPACION,C/ ALACANT,geoportal_valencia,occupacio_via_publica:260136903,INFORMATION,Consulta la afeccion antes de desplazarte,"La incidencia es leve, pero puede afectar al acceso inmediato.",35,GENERIC,ocupacion-generica,https://www.valencia.es/cas/tramites/cita-previa,,2026-05-17T10:22:03.177124+00:00
593,689,OCUPACION,C/ ALGAR DE PALÀNCIA,geoportal_valencia,occupacio_via_publica:250085839,INFORMATION,Consulta la afeccion antes de desplazarte,"La incidencia es leve, pero puede afectar al acceso inmediato.",35,GENERIC,ocupacion-generica,https://www.valencia.es/cas/tramites/cita-previa,,2026-05-17T10:22:03.177124+00:00
604,692,OCUPACION,AV. REAL DE MADRID,geoportal_valencia,occupacio_via_publica:250085838,INFORMATION,Consulta la afeccion antes de desplazarte,"La incidencia es leve, pero puede afectar al acceso inmediato.",35,GENERIC,ocupacion-generica,https://www.valencia.es/cas/tramites/cita-previa,,2026-05-17T10:22:03.177124+00:00
607,693,OCUPACION,C/ SALAMANCA,geoportal_valencia,occupacio_via_publica:260155801,INFORMATION,Consulta la afeccion antes de desplazarte,"La incidencia es leve, pero puede afectar al acceso inmediato.",35,GENERIC,ocupacion-generica,https://www.valencia.es/cas/tramites/cita-previa,,2026-05-17T10:22:03.177124+00:00
610,694,OCUPACION,SENDA. AIRE,geoportal_valencia,occupacio_via_publica:260157701,INFORMATION,Consulta la afeccion antes de desplazarte,"La incidencia es leve, pero puede afectar al acceso inmediato.",35,GENERIC,ocupacion-generica,https://www.valencia.es/cas/tramites/cita-previa,,2026-05-17T10:22:03.177124+00:00
613,695,OCUPACION,C/ FÈLIX PIZCUETA,geoportal_valencia,occupacio_via_publica:260155301,INFORMATION,Consulta la afeccion antes de desplazarte,"La incidencia es leve, pero puede afectar al acceso inmediato.",35,GENERIC,ocupacion-generica,https://www.valencia.es/cas/tramites/cita-previa,,2026-05-17T10:22:03.177124+00:00
616,696,OCUPACION,C/ CANONGE ROCAFULL,geoportal_valencia,occupacio_via_publica:260128805,INFORMATION,Consulta la afeccion antes de desplazarte,"La incidencia es leve, pero puede afectar al acceso inmediato.",35,GENERIC,ocupacion-generica,https://www.valencia.es/cas/tramites/cita-previa,,2026-05-17T10:22:03.177124+00:00
627,699,OCUPACION,AV. PORT,geoportal_valencia,occupacio_via_publica:260128806,INFORMATION,Consulta la afeccion antes de desplazarte,"La incidencia es leve, pero puede afectar al acceso inmediato.",35,GENERIC,ocupacion-generica,https://www.valencia.es/cas/tramites/cita-previa,,2026-05-17T10:22:03.177124+00:00
642,703,OCUPACION,C/ NA VARDERA,geoportal_valencia,occupacio_via_publica:260128804,INFORMATION,Consulta la afeccion antes de desplazarte,"La incidencia es leve, pero puede afectar al acceso inmediato.",35,GENERIC,ocupacion-generica,https://www.valencia.es/cas/tramites/cita-previa,,2026-05-17T10:22:03.177124+00:00
645,704,OCUPACION,AV. PERIS I VALERO,geoportal_valencia,occupacio_via_publica:260140303,INFORMATION,Consulta la afeccion antes de desplazarte,"La incidencia es leve, pero puede afectar al acceso inmediato.",35,GENERIC,ocupacion-generica,https://www.valencia.es/cas/tramites/cita-previa,,2026-05-17T10:22:03.177124+00:00
648,705,OCUPACION,AV. FERNANDO ABRIL MARTORELL,geoportal_valencia,occupacio_via_publica:260148502,INFORMATION,Consulta la afeccion antes de desplazarte,"La incidencia es leve, pero puede afectar al acceso inmediato.",35,GENERIC,ocupacion-generica,https://www.valencia.es/cas/tramites/cita-previa,,2026-05-17T10:22:03.177124+00:00
655,707,OCUPACION,C/ FINESTRAT,geoportal_valencia,occupacio_via_publica:260157501,INFORMATION,Consulta la afeccion antes de desplazarte,"La incidencia es leve, pero puede afectar al acceso inmediato.",35,GENERIC,ocupacion-generica,https://www.valencia.es/cas/tramites/cita-previa,,2026-05-17T10:22:03.177124+00:00
658,708,OCUPACION,C/ FLORISTA,geoportal_valencia,occupacio_via_publica:260157901,INFORMATION,Consulta la afeccion antes de desplazarte,"La incidencia es leve, pero puede afectar al acceso inmediato.",35,GENERIC,ocupacion-generica,https://www.valencia.es/cas/tramites/cita-previa,,2026-05-17T10:22:03.177124+00:00
669,711,OCUPACION,PL. PINTOR ANDREU,geoportal_valencia,occupacio_via_publica:260157801,INFORMATION,Consulta la afeccion antes de desplazarte,"La incidencia es leve, pero puede afectar al acceso inmediato.",35,GENERIC,ocupacion-generica,https://www.valencia.es/cas/tramites/cita-previa,,2026-05-17T10:22:03.177124+00:00
672,712,OCUPACION,C/ TRES FORQUES,geoportal_valencia,occupacio_via_publica:260141103,INFORMATION,Consulta la afeccion antes de desplazarte,"La incidencia es leve, pero puede afectar al acceso inmediato.",35,GENERIC,ocupacion-generica,https://www.valencia.es/cas/tramites/cita-previa,,2026-05-17T10:22:03.177124+00:00
675,713,OCUPACION,AV. JESÚS MORANTE BORRÁS,geoportal_valencia,occupacio_via_publica:260131104,INFORMATION,Consulta la afeccion antes de desplazarte,"La incidencia es leve, pero puede afectar al acceso inmediato.",35,GENERIC,ocupacion-generica,https://www.valencia.es/cas/tramites/cita-previa,,2026-05-17T10:22:03.177124+00:00
678,714,OCUPACION,C/ ANTONIO SACRAMENTO (ESCULTOR),geoportal_valencia,occupacio_via_publica:260158101,INFORMATION,Consulta la afeccion antes de desplazarte,"La incidencia es leve, pero puede afectar al acceso inmediato.",35,GENERIC,ocupacion-generica,https://www.valencia.es/cas/tramites/cita-previa,,2026-05-17T10:22:03.177124+00:00
681,715,OCUPACION,C/ VICENT BRULL,geoportal_valencia,occupacio_via_publica:260159201,INFORMATION,Consulta la afeccion antes de desplazarte,"La incidencia es leve, pero puede afectar al acceso inmediato.",35,GENERIC,ocupacion-generica,https://www.valencia.es/cas/tramites/cita-previa,,2026-05-17T10:22:03.177124+00:00
684,716,OCUPACION,C/ RIBERA,geoportal_valencia,occupacio_via_publica:260159402,INFORMATION,Consulta la afeccion antes de desplazarte,"La incidencia es leve, pero puede afectar al acceso inmediato.",35,GENERIC,ocupacion-generica,https://www.valencia.es/cas/tramites/cita-previa,,2026-05-17T10:22:03.177124+00:00
687,717,OCUPACION,C/ RIU JILOCA,geoportal_valencia,occupacio_via_publica:250599219,INFORMATION,Consulta la afeccion antes de desplazarte,"La incidencia es leve, pero puede afectar al acceso inmediato.",35,GENERIC,ocupacion-generica,https://www.valencia.es/cas/tramites/cita-previa,,2026-05-17T10:22:03.177124+00:00
690,718,OCUPACION,AV. PORT,geoportal_valencia,occupacio_via_publica:260159801,INFORMATION,Consulta la afeccion antes de desplazarte,"La incidencia es leve, pero puede afectar al acceso inmediato.",35,GENERIC,ocupacion-generica,https://www.valencia.es/cas/tramites/cita-previa,,2026-05-17T10:22:03.177124+00:00
697,720,OCUPACION,C/ VINARÒS,geoportal_valencia,occupacio_via_publica:260127103,INFORMATION,Consulta la afeccion antes de desplazarte,"La incidencia es leve, pero puede afectar al acceso inmediato.",35,GENERIC,ocupacion-generica,https://www.valencia.es/cas/tramites/cita-previa,,2026-05-17T10:22:03.177124+00:00
700,721,OCUPACION,C/ LLUÍS LAMARCA,geoportal_valencia,occupacio_via_publica:260158801,INFORMATION,Consulta la afeccion antes de desplazarte,"La incidencia es leve, pero puede afectar al acceso inmediato.",35,GENERIC,ocupacion-generica,https://www.valencia.es/cas/tramites/cita-previa,,2026-05-17T10:22:03.177124+00:00
707,723,OCUPACION,C/ ÀNGELS,geoportal_valencia,occupacio_via_publica:260159101,INFORMATION,Consulta la afeccion antes de desplazarte,"La incidencia es leve, pero puede afectar al acceso inmediato.",35,GENERIC,ocupacion-generica,https://www.valencia.es/cas/tramites/cita-previa,,2026-05-17T10:22:03.177124+00:00
710,724,OCUPACION,C/ CONVENT DE JERUSALEM,geoportal_valencia,occupacio_via_publica:260158901,INFORMATION,Consulta la afeccion antes de desplazarte,"La incidencia es leve, pero puede afectar al acceso inmediato.",35,GENERIC,ocupacion-generica,https://www.valencia.es/cas/tramites/cita-previa,,2026-05-17T10:22:03.177124+00:00
713,725,OCUPACION,C/ MENDIZÁBAL,geoportal_valencia,occupacio_via_publica:250599218,INFORMATION,Consulta la afeccion antes de desplazarte,"La incidencia es leve, pero puede afectar al acceso inmediato.",35,GENERIC,ocupacion-generica,https://www.valencia.es/cas/tramites/cita-previa,,2026-05-17T10:22:03.177124+00:00
716,726,OCUPACION,C/ COLÓN,geoportal_valencia,occupacio_via_publica:260146602,INFORMATION,Consulta la afeccion antes de desplazarte,"La incidencia es leve, pero puede afectar al acceso inmediato.",35,GENERIC,ocupacion-generica,https://www.valencia.es/cas/tramites/cita-previa,,2026-05-17T10:22:03.177124+00:00
719,727,OCUPACION,C/ MATIES PERELLÓ,geoportal_valencia,occupacio_via_publica:260143102,INFORMATION,Consulta la afeccion antes de desplazarte,"La incidencia es leve, pero puede afectar al acceso inmediato.",35,GENERIC,ocupacion-generica,https://www.valencia.es/cas/tramites/cita-previa,,2026-05-17T10:22:03.177124+00:00
722,728,OCUPACION,C/ TORN DE L'HOSPITAL,geoportal_valencia,occupacio_via_publica:260136805,INFORMATION,Consulta la afeccion antes de desplazarte,"La incidencia es leve, pero puede afectar al acceso inmediato.",35,GENERIC,ocupacion-generica,https://www.valencia.es/cas/tramites/cita-previa,,2026-05-17T10:22:03.177124+00:00
725,729,OCUPACION,C/ FONT ROJA,geoportal_valencia,occupacio_via_publica:260147302,INFORMATION,Consulta la afeccion antes de desplazarte,"La incidencia es leve, pero puede afectar al acceso inmediato.",35,GENERIC,ocupacion-generica,https://www.valencia.es/cas/tramites/cita-previa,,2026-05-17T10:22:03.177124+00:00
728,730,OCUPACION,C/ EUGÈNIA VIÑES,geoportal_valencia,occupacio_via_publica:260147802,INFORMATION,Consulta la afeccion antes de desplazarte,"La incidencia es leve, pero puede afectar al acceso inmediato.",35,GENERIC,ocupacion-generica,https://www.valencia.es/cas/tramites/cita-previa,,2026-05-17T10:22:03.177124+00:00
747,735,OCUPACION,C/ ALBACETE,geoportal_valencia,occupacio_via_publica:260140902,INFORMATION,Consulta la afeccion antes de desplazarte,"La incidencia es leve, pero puede afectar al acceso inmediato.",35,GENERIC,ocupacion-generica,https://www.valencia.es/cas/tramites/cita-previa,,2026-05-17T10:22:03.177124+00:00
754,737,OCUPACION,C/ SANT JOAN DE LA PENYA,geoportal_valencia,occupacio_via_publica:260148102,INFORMATION,Consulta la afeccion antes de desplazarte,"La incidencia es leve, pero puede afectar al acceso inmediato.",35,GENERIC,ocupacion-generica,https://www.valencia.es/cas/tramites/cita-previa,,2026-05-17T10:22:03.177124+00:00
761,739,OCUPACION,AV. GIORGETA,geoportal_valencia,occupacio_via_publica:260163901,INFORMATION,Consulta la afeccion antes de desplazarte,"La incidencia es leve, pero puede afectar al acceso inmediato.",35,GENERIC,ocupacion-generica,https://www.valencia.es/cas/tramites/cita-previa,,2026-05-17T10:22:03.177124+00:00
764,740,OCUPACION,C/ BILBAO,geoportal_valencia,occupacio_via_publica:260151002,INFORMATION,Consulta la afeccion antes de desplazarte,"La incidencia es leve, pero puede afectar al acceso inmediato.",35,GENERIC,ocupacion-generica,https://www.valencia.es/cas/tramites/cita-previa,,2026-05-17T10:22:03.177124+00:00
